bank,txn_id,timestamp,sender_account,sender_name,receiver_account,receiver_name,amount,channel
SBI,SB000001,2025-09-01 10:44:00,1010433218196001,Sunita Nair,1033890838637940,Geeta Reddy,5594,NEFT
SBI,SB000002,2025-09-01 12:11:00,1011615594078161,Shreya Bose,1084959310341316,Neeraj Roy,12454,NEFT
SBI,SB000003,2025-09-01 13:42:00,1034192832764835,Rahul Chandra,1003056413953767,Mohit Khanna,24911,IMPS
SBI,SB000004,2025-09-01 14:50:00,1096965328710122,Vikas Yadav,1069166978480184,Karan Jain,5682,IMPS
SBI,SB000005,2025-09-01 15:58:00,1082814893252880,Vikram Patel,1095701543039117,Ritu Kapoor,58658,IMPS
SBI,SB000006,2025-09-01 18:19:00,1024896383465787,Manisha Iyer,1013315098393010,Vikram Patel,892959,NEFT
SBI,SB000007,2025-09-01 19:20:00,1047382997376311,Ritu Kapoor,1065667010651333,Sahil Sinha,6512,NEFT
SBI,SB000008,2025-09-01 20:24:00,1017810801326773,Aditya Desai,1060260647468723,Rakesh Menon,1414630,RTGS
SBI,SB000009,2025-09-01 20:40:00,1050097882081219,Naveen Pillai,1013619399091699,Kajal Thomas,628363,IMPS
SBI,SB000010,2025-09-01 22:01:00,1034624751079911,Ankit Saxena,1083842513542784,Naveen Pillai,18673,NEFT
SBI,SB000011,2025-09-02 00:51:00,1012411824493534,Yash Chauhan,1087401640052427,Geeta Reddy,4165,NEFT
SBI,SB000012,2025-09-02 03:48:00,1028059826204505,Vikas Yadav,1033158692322602,Arjun Nair,90056,NEFT
SBI,SB000013,2025-09-02 06:48:00,1016073375433036,Mohit Khanna,1054145868501429,Rohit Gupta,14739,NEFT
SBI,SB000014,2025-09-02 08:09:00,1069816934060883,Yash Chauhan,1056159514846564,Isha Kapoor,22288,UPI
SBI,SB000015,2025-09-02 11:03:00,1029946804436995,Sneha Joshi,1077738721489513,Manisha Iyer,63628,NEFT
SBI,SB000016,2025-09-02 12:06:00,1079176936763201,Sonia Deshmukh,1063287083172788,Kajal Thomas,1128144,IMPS
SBI,SB000017,2025-09-02 14:16:00,1068727743487347,Vikram Patel,1014345581223623,Arjun Nair,18280,IMPS
SBI,SB000018,2025-09-02 14:32:00,1036690967054668,Isha Kapoor,1089373467065627,Ankit Saxena,13411,IMPS
SBI,SB000019,2025-09-02 17:22:00,1001627204653755,Aarti Bhat,1064641708053100,Pooja Reddy,187880,NEFT
SBI,SB000020,2025-09-02 17:55:00,1071937452991241,Mitali Banerjee,1090496631931491,Rohit Gupta,14537,IMPS
SBI,SB000021,2025-09-02 18:13:00,1085067165726284,Mitali Banerjee,1098776945314737,Ankit Saxena,11523,NEFT
SBI,SB000022,2025-09-02 19:37:00,1027354549480831,Sneha Joshi,1036783777014363,Harshal Dixit,18636,IMPS
SBI,SB000023,2025-09-02 21:26:00,1085574443135182,Sneha Joshi,1033749894134352,Aman Sharma,58183,NEFT
SBI,SB000024,2025-09-02 21:40:00,1084271094777520,Aarti Bhat,1047116719022941,Karan Jain,14137,IMPS
SBI,SB000025,2025-09-03 00:19:00,1038677496499091,Tanvi Agarwal,1033412328120679,Aditya Desai,9940,RTGS
SBI,SB000026,2025-09-03 03:19:00,1071349361832421,Pranav Mitra,1002499471746488,Sahil Sinha,1806,RTGS
SBI,SB000027,2025-09-03 04:42:00,1094013990490278,Vikas Yadav,1074296717565512,Arjun Nair,9944,IMPS
SBI,SB000028,2025-09-03 06:25:00,1080715451680876,Pranav Mitra,1003859770348247,Karan Jain,21144,IMPS
SBI,SB000029,2025-09-03 07:27:00,1024808613171274,Vikram Patel,1084677378263982,Shreya Bose,133775,NEFT
SBI,SB000030,2025-09-03 09:37:00,1040449972787558,Parth Shah,1086753396360576,Rahul Chandra,1713,NEFT
SBI,SB000031,2025-09-03 12:09:00,1051718702621745,Manisha Iyer,1096158657809134,Sanjay Rao,3725,RTGS
SBI,SB000032,2025-09-03 12:35:00,1072400504556238,Neeraj Roy,1069222196937923,Mohit Khanna,22351,NEFT
SBI,SB000033,2025-09-03 14:35:00,1048217594647436,Priya Singh,1071369594406409,Sonia Deshmukh,100025,RTGS
SBI,SB000034,2025-09-03 15:34:00,1095339421047095,Mohit Khanna,1021456232858842,Tanvi Agarwal,818957,RTGS
SBI,SB000035,2025-09-03 17:01:00,1017123685160481,Manisha Iyer,1075496513709859,Vikram Patel,15713,UPI
SBI,SB000036,2025-09-03 18:19:00,1061200471138267,Sahil Sinha,1058692617964053,Aarti Bhat,51046,UPI
SBI,SB000037,2025-09-03 19:54:00,1085064317139005,Shreya Bose,1032931839335290,Rahul Chandra,1332914,NEFT
SBI,SB000038,2025-09-03 20:39:00,1010205395024026,Naveen Pillai,1081177589178390,Sneha Joshi,1520,NEFT
SBI,SB000039,2025-09-03 22:42:00,1066177115921249,Rakesh Menon,1098569847896118,Geeta Reddy,7987,IMPS
SBI,SB000040,2025-09-04 00:39:00,1066156545271111,Priya Singh,1061528098851656,Aditya Desai,12022,NEFT
SBI,SB000041,2025-09-04 02:49:00,1032731585149368,Rahul Chandra,1099809402445502,Mitali Banerjee,2780,NEFT
SBI,SB000042,2025-09-04 05:32:00,1001836675254599,Shreya Bose,1010229014767976,Rakesh Menon,54837,NEFT
SBI,SB000043,2025-09-04 06:01:00,1049784036900343,Yash Chauhan,1024451076226838,Nitin Kumar,24815,NEFT
SBI,SB000044,2025-09-04 06:06:00,1071596966416052,Vikas Yadav,1097516136968164,Manisha Iyer,6009,NEFT
SBI,SB000045,2025-09-04 08:49:00,1018835523124329,Vikram Patel,1021277997995527,Tanvi Agarwal,10422,RTGS
SBI,SB000046,2025-09-04 11:21:00,1005814770054119,Rahul Chandra,1098679807935978,Priya Singh,11753,UPI
SBI,SB000047,2025-09-04 11:43:00,1082037788925546,Vikas Yadav,1065905151864492,Sanjay Rao,5134,UPI
SBI,SB000048,2025-09-04 13:03:00,1062914865281685,Komal Ghosh,1005423573322141,Ritu Kapoor,163028,NEFT
SBI,SB000049,2025-09-04 14:30:00,1092962229270653,Aditya Desai,1079473834735977,Parth Shah,14218,UPI
SBI,SB000050,2025-09-04 15:22:00,1092407581814124,Aarti Bhat,1078261375060685,Parth Shah,986249,NEFT
SBI,SB000051,2025-09-04 16:44:00,1015220472779010,Arjun Nair,1043289861434103,Ankit Saxena,4132,RTGS
SBI,SB000052,2025-09-04 18:52:00,1098089324609539,Rohit Gupta,1062185188888067,Parth Shah,731944,RTGS
SBI,SB000053,2025-09-04 20:24:00,1015319520585277,Ritu Kapoor,1022170430305486,Tanvi Agarwal,21697,NEFT
SBI,SB000054,2025-09-04 21:56:00,1005415667652775,Aditya Desai,1084161692845115,Sneha Joshi,24016,IMPS
SBI,SB000055,2025-09-05 00:53:00,1075705964016582,Rahul Chandra,1002970213556909,Sahil Sinha,980169,IMPS
SBI,SB000056,2025-09-05 01:13:00,1092856543102786,Deepak Kulkarni,1081447394731217,Sahil Sinha,870225,IMPS
SBI,SB000057,2025-09-05 01:30:00,1088442258313237,Naveen Pillai,1005895782911467,Arjun Nair,175707,NEFT
SBI,SB000058,2025-09-05 02:52:00,1017785289226801,Shreya Bose,1082422535841438,Isha Kapoor,20633,IMPS
SBI,SB000059,2025-09-05 05:01:00,1029922995900109,Neeraj Roy,1043969078447364,Vikram Patel,5679,IMPS
SBI,SB000060,2025-09-05 07:05:00,1073592555625881,Aarti Bhat,1053714732104696,Sunita Nair,176438,RTGS
SBI,SB000061,2025-09-05 07:54:00,1027877470168733,Mohit Khanna,1095004797480162,Meera Mohan,120929,NEFT
SBI,SB000062,2025-09-05 08:08:00,1098358416878499,Rohit Gupta,1012165585239868,Isha Kapoor,149190,IMPS
SBI,SB000063,2025-09-05 08:47:00,1098259526949588,Tanvi Agarwal,1087947055169409,Mohit Khanna,1413149,IMPS
SBI,SB000064,2025-09-05 09:01:00,1097289623091307,Kajal Thomas,1056263689702838,Tanvi Agarwal,10781,UPI
SBI,SB000065,2025-09-05 10:59:00,1085854973348434,Nitin Kumar,1043757584419866,Rahul Chandra,9925,UPI
SBI,SB000066,2025-09-05 11:20:00,1057473384842199,Yash Chauhan,1033083301657120,Sunita Nair,16087,IMPS
SBI,SB000067,2025-09-05 12:12:00,1045401938026206,Pranav Mitra,1072400499154788,Isha Kapoor,147689,NEFT
SBI,SB000068,2025-09-05 12:41:00,1052742054932966,Sahil Sinha,1085161227530463,Shreya Bose,833227,IMPS
SBI,SB000069,2025-09-05 15:08:00,1004530174268414,Rakesh Menon,1059332727956878,Aarti Bhat,20023,RTGS
SBI,SB000070,2025-09-05 15:29:00,1087851910883982,Komal Ghosh,1025871397187072,Arjun Nair,2391,IMPS
SBI,SB000071,2025-09-05 18:22:00,1040640391065180,Ritu Kapoor,1017046226567661,Isha Kapoor,11895,NEFT
SBI,SB000072,2025-09-05 20:40:00,1068230047868633,Sonia Deshmukh,1075243106903311,Rohit Gupta,22520,RTGS
SBI,SB000073,2025-09-05 20:53:00,1030673830284395,Deepak Kulkarni,1099534283644089,Geeta Reddy,2036,UPI
SBI,SB000074,2025-09-05 23:38:00,1068566246287334,Sanjay Rao,1027086688263435,Sahil Sinha,49239,IMPS
SBI,SB000075,2025-09-06 00:27:00,1004699013983735,Parth Shah,1040331739363854,Neeraj Roy,12272,NEFT
SBI,SB000076,2025-09-06 02:00:00,1087717535560932,Pranav Mitra,1004899642353693,Yash Chauhan,22941,NEFT
SBI,SB000077,2025-09-06 04:06:00,1077252287280801,Ankit Saxena,1000623120387509,Tanvi Agarwal,1015,NEFT
SBI,SB000078,2025-09-06 06:28:00,1060084840862118,Aarti Bhat,1023398454615679,Manisha Iyer,3141,IMPS
SBI,SB000079,2025-09-06 09:15:00,1001666870021765,Rohit Gupta,1091803397401489,Deepak Kulkarni,859523,NEFT
SBI,SB000080,2025-09-06 10:09:00,1092614293968562,Neha Verma,1018501631599965,Shreya Bose,143110,IMPS
SBI,SB000081,2025-09-06 11:41:00,1086629619431142,Sanjay Rao,1062655110475412,Deepak Kulkarni,18751,IMPS
SBI,SB000082,2025-09-06 13:26:00,1010158199560466,Vikram Patel,1018398262244472,Sunita Nair,14298,NEFT
SBI,SB000083,2025-09-06 13:46:00,1054379937124065,Deepak Kulkarni,1096575692459375,Rina Dutta,811212,RTGS
SBI,SB000084,2025-09-06 16:29:00,1079356465193982,Geeta Reddy,1080737416724342,Parth Shah,20093,IMPS
SBI,SB000085,2025-09-06 18:12:00,1088680589113529,Mitali Banerjee,1009656101438889,Manisha Iyer,13316,IMPS
SBI,SB000086,2025-09-06 21:06:00,1098250714611254,Karan Jain,1057387571775140,Neha Verma,194862,NEFT
SBI,SB000087,2025-09-06 21:49:00,1038282586736226,Anjali Mehta,1060937966033419,Ritu Kapoor,11181,NEFT
SBI,SB000088,2025-09-06 22:19:00,1047859696915579,Komal Ghosh,1024991251341252,Parth Shah,5017,IMPS
SBI,SB000089,2025-09-07 00:08:00,1027828274225790,Sunita Nair,1050723688767677,Sanjay Rao,7726,NEFT
SBI,SB000090,2025-09-07 01:19:00,1038427978819148,Sanjay Rao,1058078361340745,Sahil Sinha,55773,RTGS
SBI,SB000091,2025-09-07 02:20:00,1039596292330958,Shreya Bose,1049825449481260,Isha Kapoor,59785,NEFT
SBI,SB000092,2025-09-07 03:43:00,1036729466711684,Rakesh Menon,1057759017518636,Pranav Mitra,9792,NEFT
SBI,SB000093,2025-09-07 06:11:00,1029750017012770,Sneha Joshi,1063242415415206,Manisha Iyer,3488,RTGS
SBI,SB000094,2025-09-07 06:12:00,1037129387005162,Vikram Patel,1071361115542622,Naveen Pillai,20498,IMPS
SBI,SB000095,2025-09-07 08:05:00,1053269731121965,Rakesh Menon,1065234138999404,Naveen Pillai,6681,RTGS
SBI,SB000096,2025-09-07 09:21:00,1003761379180552,Rohit Gupta,1069658271091043,Priya Singh,1034615,IMPS
SBI,SB000097,2025-09-07 12:02:00,1086661889241418,Karan Jain,1032856914630316,Neeraj Roy,2303,NEFT
SBI,SB000098,2025-09-07 14:51:00,1021020275884252,Meera Mohan,1041056481491778,Priya Singh,19075,NEFT
SBI,SB000099,2025-09-07 15:32:00,1041913800030756,Karan Jain,1022086353654195,Komal Ghosh,2225,NEFT
SBI,SB000100,2025-09-07 17:45:00,1006174451870534,Neha Verma,1094937597383206,Manisha Iyer,21338,RTGS
SBI,SB000101,2025-09-07 17:48:00,1050641383670241,Mitali Banerjee,1003865719182619,Priya Singh,4783,NEFT
SBI,SB000102,2025-09-07 18:55:00,1056557431329121,Sanjay Rao,1027756185374741,Sunita Nair,104749,RTGS
SBI,SB000103,2025-09-07 21:54:00,1090352135680442,Isha Kapoor,1006788317121003,Pooja Reddy,122581,IMPS
SBI,SB000104,2025-09-08 00:40:00,1019941013721510,Shreya Bose,1070296670662532,Sahil Sinha,34084,IMPS
SBI,SB000105,2025-09-08 03:18:00,1034768701462638,Deepak Kulkarni,1038065787598564,Neha Verma,7676,NEFT
SBI,SB000106,2025-09-08 04:30:00,1007859321334803,Rahul Chandra,1096522395590599,Mitali Banerjee,1232275,IMPS
SBI,SB000107,2025-09-08 05:15:00,1070103930870593,Rina Dutta,1025250029218515,Harshal Dixit,10388,NEFT
SBI,SB000108,2025-09-08 05:56:00,1067528953926442,Rahul Chandra,1020969029593917,Vikas Yadav,87390,NEFT
SBI,SB000109,2025-09-08 07:18:00,1021570433154100,Sunita Nair,1067626765861793,Sahil Sinha,1594,NEFT
SBI,SB000110,2025-09-08 08:40:00,1041152621815997,Mohit Khanna,1006296201533688,Aditya Desai,3642,NEFT
SBI,SB000111,2025-09-08 11:07:00,1087205061497310,Deepak Kulkarni,1032417146774186,Meera Mohan,121837,NEFT
SBI,SB000112,2025-09-08 11:19:00,1047743490211586,Rina Dutta,1093806868793741,Rohit Gupta,17435,RTGS
SBI,SB000113,2025-09-08 14:13:00,1092172233206163,Aman Sharma,1029451168685487,Ankit Saxena,14249,NEFT
SBI,SB000114,2025-09-08 14:52:00,1029991191485646,Vikas Yadav,1079970246299606,Aarti Bhat,16071,UPI
SBI,SB000115,2025-09-08 16:28:00,1005444713247546,Komal Ghosh,1091373678508214,Rina Dutta,17679,RTGS
SBI,SB000116,2025-09-08 16:36:00,1023303070534578,Sunita Nair,1061035797279855,Mohit Khanna,48696,NEFT
SBI,SB000117,2025-09-08 18:15:00,1002933334680072,Neeraj Roy,1029034944665743,Sneha Joshi,20934,IMPS
SBI,SB000118,2025-09-08 18:42:00,1008589944171545,Aditya Desai,1044432830965207,Mohit Khanna,1048506,IMPS
SBI,SB000119,2025-09-08 18:52:00,1099353875842824,Meera Mohan,1017248251353465,Mohit Khanna,15696,RTGS
SBI,SB000120,2025-09-08 20:53:00,1009991738168460,Kajal Thomas,1022356972521752,Priya Singh,9462,NEFT
SBI,SB000121,2025-09-08 21:37:00,1092712966667600,Anjali Mehta,1083505830033542,Parth Shah,10530,NEFT
SBI,SB000122,2025-09-08 21:49:00,1044789856257532,Mohit Khanna,1060332309821506,Ritu Kapoor,19961,UPI
SBI,SB000123,2025-09-09 00:39:00,1010016761847230,Karan Jain,1046184992618914,Anjali Mehta,20455,NEFT
SBI,SB000124,2025-09-09 01:47:00,1083564208737530,Mohit Khanna,1001197218114374,Neeraj Roy,6224,RTGS
SBI,SB000125,2025-09-09 03:02:00,1055611002255794,Isha Kapoor,1015521667467621,Priya Singh,534277,NEFT
SBI,SB000126,2025-09-09 05:34:00,1079729659027716,Anjali Mehta,1070145089935889,Geeta Reddy,8645,IMPS
SBI,SB000127,2025-09-09 08:24:00,1062890028772175,Sahil Sinha,1035408386631779,Sanjay Rao,142197,NEFT
SBI,SB000128,2025-09-09 10:32:00,1001660880199488,Karan Jain,1037550375899757,Anjali Mehta,83130,NEFT
SBI,SB000129,2025-09-09 12:03:00,1048851027261493,Harshal Dixit,1031637351609177,Komal Ghosh,16845,NEFT
SBI,SB000130,2025-09-09 12:16:00,1086978292216995,Komal Ghosh,1086693465472269,Sneha Joshi,168605,RTGS
SBI,SB000131,2025-09-09 14:38:00,1033394522885158,Priya Singh,1079968460810620,Pooja Reddy,5773,UPI
SBI,SB000132,2025-09-09 17:33:00,1042043805719838,Ankit Saxena,1063840666580043,Sahil Sinha,191144,RTGS
SBI,SB000133,2025-09-09 20:19:00,1059893347212281,Rohit Gupta,1060648422940572,Rahul Chandra,1451749,NEFT
SBI,SB000134,2025-09-09 23:00:00,1094798515832818,Ankit Saxena,1026886153355543,Naveen Pillai,18893,RTGS
SBI,SB000135,2025-09-10 01:47:00,1001573993056164,Sanjay Rao,1084085887704358,Anjali Mehta,18128,IMPS
SBI,SB000136,2025-09-10 04:28:00,1013361386120750,Geeta Reddy,1011024819346676,Kajal Thomas,22562,NEFT
SBI,SB000137,2025-09-10 04:30:00,1091901581449147,Aman Sharma,1066072832684245,Yash Chauhan,62061,NEFT
SBI,SB000138,2025-09-10 04:32:00,1099688143536822,Vikram Patel,1023943129087814,Mohit Khanna,24276,IMPS
SBI,SB000139,2025-09-10 05:57:00,1052314913577594,Meera Mohan,1092995562053364,Isha Kapoor,11364,RTGS
SBI,SB000140,2025-09-10 07:56:00,1075478129142834,Ritu Kapoor,1011080996930848,Tanvi Agarwal,5370,IMPS
SBI,SB000141,2025-09-10 08:54:00,1094278816580392,Vikram Patel,1082722992750373,Mohit Khanna,1902,IMPS
SBI,SB000142,2025-09-10 11:07:00,1056770051844989,Pranav Mitra,1026659184638655,Tanvi Agarwal,26730,IMPS
SBI,SB000143,2025-09-10 11:43:00,1072318432225913,Mitali Banerjee,1065177739260302,Harshal Dixit,21128,IMPS
SBI,SB000144,2025-09-10 14:10:00,1020242869904137,Vikas Yadav,1097723692929842,Neeraj Roy,2755,NEFT
SBI,SB000145,2025-09-10 15:49:00,1021038862912799,Rohit Gupta,1008811729806865,Naveen Pillai,16298,RTGS
SBI,SB000146,2025-09-10 17:27:00,1059916247314986,Anjali Mehta,1043009818063565,Rahul Chandra,19681,NEFT
SBI,SB000147,2025-09-10 19:45:00,1069594636887258,Komal Ghosh,1087449562137213,Rina Dutta,169331,IMPS
SBI,SB000148,2025-09-10 22:41:00,1002601279611435,Pooja Reddy,1019066984902770,Naveen Pillai,1601,RTGS
SBI,SB000149,2025-09-11 00:52:00,1083920530214656,Manisha Iyer,1069380118489554,Sonia Deshmukh,1153699,UPI
SBI,SB000150,2025-09-11 03:20:00,1004268181845184,Karan Jain,1089476973577907,Mohit Khanna,21263,RTGS
SBI,SB000151,2025-09-11 04:17:00,1035658804341651,Mohit Khanna,1082755394237333,Rakesh Menon,8682,RTGS
SBI,SB000152,2025-09-11 05:49:00,1021117908075957,Ritu Kapoor,1094728463920867,Rohit Gupta,13401,RTGS
SBI,SB000153,2025-09-11 06:34:00,1071875003691559,Arjun Nair,1042843479552763,Meera Mohan,13626,NEFT
SBI,SB000154,2025-09-11 07:21:00,1092931438663227,Rina Dutta,1002672885744890,Anjali Mehta,2467,NEFT
SBI,SB000155,2025-09-11 08:27:00,1071754558845061,Parth Shah,1059399824558771,Ankit Saxena,21199,UPI
SBI,SB000156,2025-09-11 09:10:00,1056996112535544,Mohit Khanna,1096475987622023,Sanjay Rao,13510,NEFT
SBI,SB000157,2025-09-11 09:27:00,1078006811492164,Ritu Kapoor,1033472282005577,Shreya Bose,4927,UPI
SBI,SB000158,2025-09-11 12:26:00,1082997968845783,Tanvi Agarwal,1017456424008254,Ritu Kapoor,16619,UPI
SBI,SB000159,2025-09-11 14:29:00,1040649308536866,Shreya Bose,1032663416389448,Arjun Nair,2743,NEFT
SBI,SB000160,2025-09-11 15:44:00,1017974973502080,Arjun Nair,1021442703120735,Sneha Joshi,155652,UPI
SBI,SB000161,2025-09-11 17:43:00,1005120461872346,Sneha Joshi,1001367303718376,Kajal Thomas,24362,NEFT
SBI,SB000162,2025-09-11 20:04:00,1081474350313650,Aarti Bhat,1024916300979251,Sunita Nair,22977,IMPS
SBI,SB000163,2025-09-11 22:45:00,1000528127358573,Deepak Kulkarni,1006524077848739,Ritu Kapoor,24499,IMPS
SBI,SB000164,2025-09-12 01:19:00,1082182744857086,Rahul Chandra,1020959351863878,Ankit Saxena,13928,IMPS
SBI,SB000165,2025-09-12 01:48:00,1018102203173109,Sanjay Rao,1067899405391037,Neeraj Roy,40913,IMPS
SBI,SB000166,2025-09-12 03:35:00,1050948014138113,Neeraj Roy,1086338392886195,Geeta Reddy,68729,RTGS
SBI,SB000167,2025-09-12 05:56:00,1068528975585566,Rohit Gupta,1059398368457760,Aditya Desai,17461,NEFT
SBI,SB000168,2025-09-12 07:14:00,1004335048889921,Rina Dutta,1007522459334419,Mitali Banerjee,361904,RTGS
SBI,SB000169,2025-09-12 09:18:00,1027919409610556,Kajal Thomas,1061390604805892,Komal Ghosh,5519,NEFT
SBI,SB000170,2025-09-12 10:59:00,1079981364622517,Pranav Mitra,1090864168622783,Rina Dutta,6925,IMPS
SBI,SB000171,2025-09-12 13:14:00,1033146591166553,Pooja Reddy,1055904259792703,Meera Mohan,24371,RTGS
SBI,SB000172,2025-09-12 13:43:00,1003924051477053,Rohit Gupta,1083388487920698,Mohit Khanna,9806,NEFT
SBI,SB000173,2025-09-12 16:42:00,1094070164510463,Rohit Gupta,1068157981238780,Aarti Bhat,839480,NEFT
SBI,SB000174,2025-09-12 18:23:00,1020555438404608,Rahul Chandra,1043256216893639,Geeta Reddy,1469551,NEFT
SBI,SB000175,2025-09-12 20:42:00,1023298324826292,Shreya Bose,1051881252056647,Rahul Chandra,52990,NEFT
SBI,SB000176,2025-09-12 20:49:00,1099499939330517,Arjun Nair,1028975267722330,Aman Sharma,1066217,NEFT
SBI,SB000177,2025-09-12 23:41:00,1033127975736609,Aarti Bhat,1065699988081770,Naveen Pillai,24590,NEFT
SBI,SB000178,2025-09-13 01:21:00,1080347644726490,Sahil Sinha,1082771812982665,Neha Verma,19843,RTGS
SBI,SB000179,2025-09-13 02:13:00,1071452111751868,Arjun Nair,1092686025922220,Sneha Joshi,15122,NEFT
SBI,SB000180,2025-09-13 03:00:00,1012309407778097,Ankit Saxena,1033977671990384,Yash Chauhan,79431,NEFT
HDFC,HD000001,2025-09-01 08:38:00,2005020994510162,Meera Mohan,2024999827950145,Parth Shah,137021,RTGS
HDFC,HD000002,2025-09-01 08:55:00,2047214586833901,Isha Kapoor,2098179469548995,Ankit Saxena,17529,RTGS
HDFC,HD000003,2025-09-01 11:03:00,2072934301071396,Yash Chauhan,2060558303441448,Kajal Thomas,54842,IMPS
HDFC,HD000004,2025-09-01 12:31:00,2069902355770272,Mitali Banerjee,2078576084958803,Vikas Yadav,117693,NEFT
HDFC,HD000005,2025-09-01 13:10:00,2040568299629145,Meera Mohan,2004617357438421,Rohit Gupta,49276,IMPS
HDFC,HD000006,2025-09-01 13:17:00,2078235784521823,Naveen Pillai,2007681040915701,Sneha Joshi,10728,IMPS
HDFC,HD000007,2025-09-01 14:11:00,2053344857142241,Aarti Bhat,2009881385854249,Sunita Nair,20595,RTGS
HDFC,HD000008,2025-09-01 16:30:00,2070207016016629,Anjali Mehta,2097954538179217,Neeraj Roy,21616,RTGS
HDFC,HD000009,2025-09-01 18:30:00,2073329456255770,Rina Dutta,2017157724599281,Anjali Mehta,21781,NEFT
HDFC,HD000010,2025-09-01 19:48:00,2087696393827615,Sonia Deshmukh,2039669583219719,Neeraj Roy,3699,RTGS
HDFC,HD000011,2025-09-01 20:34:00,2046191965701329,Mitali Banerjee,2002278469973354,Sneha Joshi,1111689,RTGS
HDFC,HD000012,2025-09-01 22:03:00,2019098624058008,Rakesh Menon,2051403696566668,Deepak Kulkarni,6667,IMPS
HDFC,HD000013,2025-09-01 23:36:00,2062422010276212,Deepak Kulkarni,2067969278687653,Geeta Reddy,19437,IMPS
HDFC,HD000014,2025-09-02 00:37:00,2084689500975197,Harshal Dixit,2012847818913718,Sneha Joshi,11757,IMPS
HDFC,HD000015,2025-09-02 00:40:00,2077879565442094,Isha Kapoor,2094079290490471,Komal Ghosh,9604,NEFT
HDFC,HD000016,2025-09-02 03:18:00,2044401929275243,Sunita Nair,2072805129276637,Rakesh Menon,11807,NEFT
HDFC,HD000017,2025-09-02 04:26:00,2010276747836674,Ankit Saxena,2028604765801856,Shreya Bose,9251,RTGS
HDFC,HD000018,2025-09-02 05:32:00,2096739385258001,Sanjay Rao,2006181753443009,Priya Singh,654715,UPI
HDFC,HD000019,2025-09-02 08:16:00,2011192692124471,Mohit Khanna,2074654214066504,Deepak Kulkarni,16612,UPI
HDFC,HD000020,2025-09-02 09:08:00,2096271286391741,Vikas Yadav,2001194707200642,Rina Dutta,17388,RTGS
HDFC,HD000021,2025-09-02 11:14:00,2076618306719855,Parth Shah,2046015851743280,Pooja Reddy,13282,RTGS
HDFC,HD000022,2025-09-02 13:56:00,2057173203093761,Naveen Pillai,2084787005050613,Neeraj Roy,1325251,NEFT
HDFC,HD000023,2025-09-02 16:25:00,2031027079032020,Pooja Reddy,2041792911179931,Geeta Reddy,24680,IMPS
HDFC,HD000024,2025-09-02 17:49:00,2019825309251142,Neha Verma,2062582739021962,Pranav Mitra,736,NEFT
HDFC,HD000025,2025-09-02 18:12:00,2094672324876329,Naveen Pillai,2009279145608331,Anjali Mehta,18185,IMPS
HDFC,HD000026,2025-09-02 20:11:00,2034031277220054,Komal Ghosh,2036459701082207,Karan Jain,8210,RTGS
HDFC,HD000027,2025-09-02 22:43:00,2095635315313636,Isha Kapoor,2031797062397265,Neeraj Roy,190681,IMPS
HDFC,HD000028,2025-09-02 23:53:00,2035209042177625,Harshal Dixit,2034929298316873,Tanvi Agarwal,98183,NEFT
HDFC,HD000029,2025-09-03 01:43:00,2033569392906007,Rakesh Menon,2080686717731806,Isha Kapoor,8333,IMPS
HDFC,HD000030,2025-09-03 02:07:00,2007427990772625,Sanjay Rao,2070165804649893,Ankit Saxena,39369,IMPS
HDFC,HD000031,2025-09-03 05:00:00,2050165790552818,Geeta Reddy,2032538179335548,Shreya Bose,12716,NEFT
HDFC,HD000032,2025-09-03 07:05:00,2088178847951371,Neha Verma,2016241124127238,Aditya Desai,22860,IMPS
HDFC,HD000033,2025-09-03 07:39:00,2075670431038569,Manisha Iyer,2055798877492424,Tanvi Agarwal,9941,RTGS
HDFC,HD000034,2025-09-03 07:52:00,2025472928422223,Rahul Chandra,2010592745238055,Meera Mohan,5827,IMPS
HDFC,HD000035,2025-09-03 08:24:00,2006727520885474,Ankit Saxena,2092975170281406,Manisha Iyer,3530,NEFT
HDFC,HD000036,2025-09-03 11:00:00,2039834301871863,Aditya Desai,2075998056265650,Nitin Kumar,15100,RTGS
HDFC,HD000037,2025-09-03 11:23:00,2037674266299123,Neeraj Roy,2047851961064628,Mitali Banerjee,60895,NEFT
HDFC,HD000038,2025-09-03 13:01:00,2048704947873002,Sonia Deshmukh,2044714627301471,Meera Mohan,19032,IMPS
HDFC,HD000039,2025-09-03 14:08:00,2071589042902572,Deepak Kulkarni,2052045650448183,Anjali Mehta,5976,IMPS
HDFC,HD000040,2025-09-03 15:29:00,2044518952028457,Karan Jain,2065213283389888,Arjun Nair,3003,NEFT
HDFC,HD000041,2025-09-03 16:03:00,2007545279852401,Geeta Reddy,2032234232161107,Rohit Gupta,1574,RTGS
HDFC,HD000042,2025-09-03 18:15:00,2090714014011939,Komal Ghosh,2032501249552893,Mitali Banerjee,19444,RTGS
HDFC,HD000043,2025-09-03 20:31:00,2033428013875927,Naveen Pillai,2012566383615171,Isha Kapoor,12337,RTGS
HDFC,HD000044,2025-09-03 22:54:00,2001571647947386,Karan Jain,2046317520716781,Rahul Chandra,23274,IMPS
HDFC,HD000045,2025-09-03 23:21:00,2021535396136749,Mohit Khanna,2094657967842711,Pranav Mitra,21090,UPI
HDFC,HD000046,2025-09-03 23:29:00,2010170269524991,Neha Verma,2018773477848588,Rohit Gupta,449843,IMPS
HDFC,HD000047,2025-09-04 00:50:00,2067700284276246,Mohit Khanna,2071978897782806,Pranav Mitra,12879,IMPS
HDFC,HD000048,2025-09-04 02:21:00,2045009025590561,Karan Jain,2065565033349114,Vikas Yadav,18142,NEFT
HDFC,HD000049,2025-09-04 04:19:00,2069864079056965,Pooja Reddy,2091713578529456,Pranav Mitra,2968,RTGS
HDFC,HD000050,2025-09-04 06:37:00,2034404963919195,Kajal Thomas,2041987635148468,Pooja Reddy,8733,IMPS
HDFC,HD000051,2025-09-04 08:34:00,2082082973748969,Arjun Nair,2008357232466513,Shreya Bose,194357,NEFT
HDFC,HD000052,2025-09-04 11:30:00,2093631230347786,Priya Singh,2060324204482070,Sanjay Rao,10264,RTGS
HDFC,HD000053,2025-09-04 13:15:00,2051623198189847,Rakesh Menon,2013915596363212,Shreya Bose,8833,RTGS
HDFC,HD000054,2025-09-04 13:30:00,2078515867342575,Sahil Sinha,2040900348645183,Parth Shah,13377,UPI
HDFC,HD000055,2025-09-04 14:36:00,2041343275604177,Neha Verma,2065612481569857,Priya Singh,6520,IMPS
HDFC,HD000056,2025-09-04 17:21:00,2020634591123829,Deepak Kulkarni,2065772429543165,Rina Dutta,174525,NEFT
HDFC,HD000057,2025-09-04 17:27:00,2089317342069694,Pooja Reddy,2021529108677133,Shreya Bose,16692,IMPS
HDFC,HD000058,2025-09-04 19:18:00,2039343626204439,Sonia Deshmukh,2073597107256366,Mohit Khanna,18751,NEFT
HDFC,HD000059,2025-09-04 20:44:00,2037599004896465,Naveen Pillai,2028092428757215,Geeta Reddy,4328,NEFT
HDFC,HD000060,2025-09-04 21:17:00,2074564494856257,Geeta Reddy,2028703203207427,Karan Jain,1237904,NEFT
HDFC,HD000061,2025-09-04 22:49:00,2087771215134228,Vikas Yadav,2049939089261371,Neha Verma,22803,NEFT
HDFC,HD000062,2025-09-05 00:25:00,2091520177749050,Sanjay Rao,2097592304501896,Rina Dutta,8366,UPI
HDFC,HD000063,2025-09-05 02:08:00,2010326642147649,Sanjay Rao,2025158377674996,Geeta Reddy,185922,NEFT
HDFC,HD000064,2025-09-05 04:50:00,2061085732788147,Vikram Patel,2061742243864908,Rohit Gupta,17233,IMPS
HDFC,HD000065,2025-09-05 05:15:00,2079454918017226,Sanjay Rao,2001645977945232,Sonia Deshmukh,22566,NEFT
HDFC,HD000066,2025-09-05 07:32:00,2000610277697499,Rahul Chandra,2056412203103037,Aarti Bhat,21014,RTGS
HDFC,HD000067,2025-09-05 09:50:00,2031472760122777,Pranav Mitra,2007933496050166,Harshal Dixit,18663,UPI
HDFC,HD000068,2025-09-05 10:00:00,2076789973080695,Pooja Reddy,2081467179576024,Tanvi Agarwal,8105,IMPS
HDFC,HD000069,2025-09-05 12:31:00,2059724665729341,Priya Singh,2072232971674338,Neha Verma,9046,IMPS
HDFC,HD000070,2025-09-05 13:12:00,2028015619318374,Ankit Saxena,2055084289107711,Anjali Mehta,36003,IMPS
HDFC,HD000071,2025-09-05 13:55:00,2013524787125521,Meera Mohan,2037603754821456,Aarti Bhat,17855,IMPS
HDFC,HD000072,2025-09-05 14:54:00,2026667850720811,Rina Dutta,2055626060290846,Yash Chauhan,107234,UPI
HDFC,HD000073,2025-09-05 14:57:00,2048926738997563,Sneha Joshi,2041085628843188,Naveen Pillai,21330,NEFT
HDFC,HD000074,2025-09-05 15:05:00,2089434681054851,Nitin Kumar,2001749075399893,Sneha Joshi,23924,IMPS
HDFC,HD000075,2025-09-05 15:41:00,2068315893571266,Naveen Pillai,2011062737158698,Rina Dutta,178172,IMPS
HDFC,HD000076,2025-09-05 17:30:00,2077622827728813,Rohit Gupta,2077028519611594,Naveen Pillai,12672,NEFT
HDFC,HD000077,2025-09-05 19:06:00,2044702296044327,Tanvi Agarwal,2001851067949756,Sonia Deshmukh,5039,IMPS
HDFC,HD000078,2025-09-05 21:04:00,2077251996636580,Mitali Banerjee,2074120948181398,Priya Singh,1294198,NEFT
HDFC,HD000079,2025-09-05 23:06:00,2080182043397189,Mohit Khanna,2056907056260856,Sanjay Rao,3754,IMPS
HDFC,HD000080,2025-09-06 00:20:00,2022412462095200,Harshal Dixit,2046152654610339,Aarti Bhat,17028,IMPS
HDFC,HD000081,2025-09-06 00:50:00,2040578617063048,Ritu Kapoor,2091382496718325,Sunita Nair,165912,UPI
HDFC,HD000082,2025-09-06 03:13:00,2070079420074946,Isha Kapoor,2053984028914161,Yash Chauhan,1105891,NEFT
HDFC,HD000083,2025-09-06 05:23:00,2055474355379502,Neha Verma,2009700268768118,Sahil Sinha,12066,UPI
HDFC,HD000084,2025-09-06 07:00:00,2095620175370304,Aman Sharma,2053194337504793,Pooja Reddy,1030653,NEFT
HDFC,HD000085,2025-09-06 08:12:00,2098728399921921,Geeta Reddy,2024938430894870,Priya Singh,109673,IMPS
HDFC,HD000086,2025-09-06 09:57:00,2041877580304687,Vikas Yadav,2050635190361332,Sneha Joshi,20989,NEFT
HDFC,HD000087,2025-09-06 12:00:00,2060954317350583,Isha Kapoor,2019971791100651,Priya Singh,1126771,NEFT
HDFC,HD000088,2025-09-06 14:37:00,2061108046619639,Harshal Dixit,2090767699150785,Pooja Reddy,902,IMPS
HDFC,HD000089,2025-09-06 14:55:00,2093928456797232,Sneha Joshi,2000249685498227,Sonia Deshmukh,12585,UPI
HDFC,HD000090,2025-09-06 17:08:00,2092038806533315,Neeraj Roy,2037795995946521,Rohit Gupta,621,IMPS
HDFC,HD000091,2025-09-06 20:06:00,2037933756362050,Pooja Reddy,2015081247395003,Aditya Desai,9085,RTGS
HDFC,HD000092,2025-09-06 21:33:00,2083230241026153,Pooja Reddy,2047355289611223,Ritu Kapoor,12763,NEFT
HDFC,HD000093,2025-09-06 23:23:00,2030993842530428,Neeraj Roy,2097317912868578,Deepak Kulkarni,12751,IMPS
HDFC,HD000094,2025-09-07 01:27:00,2077496903337363,Nitin Kumar,2046692548121478,Manisha Iyer,15745,IMPS
HDFC,HD000095,2025-09-07 02:54:00,2067766575460273,Meera Mohan,2041514888143111,Rohit Gupta,11436,NEFT
HDFC,HD000096,2025-09-07 04:19:00,2044439284044566,Neeraj Roy,2090782633373898,Vikas Yadav,107071,RTGS
HDFC,HD000097,2025-09-07 06:09:00,2063778052924075,Vikas Yadav,2053666845909022,Mitali Banerjee,20259,UPI
HDFC,HD000098,2025-09-07 08:36:00,2066361863715974,Rakesh Menon,2012182097023164,Manisha Iyer,17683,NEFT
HDFC,HD000099,2025-09-07 08:51:00,2058025662128671,Neeraj Roy,2063234672994938,Shreya Bose,5175,IMPS
HDFC,HD000100,2025-09-07 10:34:00,2093859777901475,Rina Dutta,2046926329676291,Rohit Gupta,5675,NEFT
HDFC,HD000101,2025-09-07 13:15:00,2084137681511856,Rina Dutta,2072438070176563,Rohit Gupta,4257,RTGS
HDFC,HD000102,2025-09-07 13:50:00,2057771183727422,Nitin Kumar,2009124186210427,Deepak Kulkarni,1628,RTGS
HDFC,HD000103,2025-09-07 16:07:00,2037081647090063,Sunita Nair,2035331060053131,Rohit Gupta,4028,RTGS
HDFC,HD000104,2025-09-07 17:30:00,2083938661331552,Rakesh Menon,2006506373149501,Arjun Nair,20123,IMPS
HDFC,HD000105,2025-09-07 17:57:00,2089241956252571,Karan Jain,2050997683890309,Sneha Joshi,14541,RTGS
HDFC,HD000106,2025-09-07 20:36:00,2010257432630397,Ritu Kapoor,2052450864035533,Priya Singh,720803,RTGS
HDFC,HD000107,2025-09-07 23:35:00,2039685270171302,Pooja Reddy,2032129833816742,Aarti Bhat,20352,NEFT
HDFC,HD000108,2025-09-08 00:49:00,2097347156627768,Mohit Khanna,2096270661498282,Parth Shah,15363,NEFT
HDFC,HD000109,2025-09-08 03:13:00,2097152732300857,Sunita Nair,2066656749160169,Pooja Reddy,91915,RTGS
HDFC,HD000110,2025-09-08 04:43:00,2087506633705024,Sanjay Rao,2097243992011669,Naveen Pillai,1086980,NEFT
HDFC,HD000111,2025-09-08 06:33:00,2044886946119524,Sunita Nair,2036402701168646,Deepak Kulkarni,23570,NEFT
HDFC,HD000112,2025-09-08 08:38:00,2028179323023467,Tanvi Agarwal,2091214161415093,Pranav Mitra,3803,NEFT
HDFC,HD000113,2025-09-08 09:47:00,2009013806984775,Anjali Mehta,2096555535669055,Aman Sharma,23382,IMPS
HDFC,HD000114,2025-09-08 10:23:00,2009184357978630,Tanvi Agarwal,2050505739769156,Anjali Mehta,102035,IMPS
HDFC,HD000115,2025-09-08 11:00:00,2089802714872717,Mohit Khanna,2083332116025643,Tanvi Agarwal,458156,IMPS
HDFC,HD000116,2025-09-08 13:17:00,2071539915668633,Parth Shah,2041411159319525,Mitali Banerjee,106475,NEFT
HDFC,HD000117,2025-09-08 15:35:00,2036655289931608,Sneha Joshi,2075243772942095,Komal Ghosh,458923,NEFT
HDFC,HD000118,2025-09-08 18:02:00,2073746052330276,Aditya Desai,2042086567566184,Pooja Reddy,168658,IMPS
HDFC,HD000119,2025-09-08 18:36:00,2059047292774233,Priya Singh,2030591266201572,Karan Jain,909857,IMPS
HDFC,HD000120,2025-09-08 19:15:00,2063013674926176,Mitali Banerjee,2047501111783099,Tanvi Agarwal,24923,NEFT
HDFC,HD000121,2025-09-08 21:47:00,2026764921518260,Deepak Kulkarni,2068887189813129,Aman Sharma,10798,NEFT
HDFC,HD000122,2025-09-08 22:20:00,2093218401184582,Nitin Kumar,2060340848729758,Sonia Deshmukh,7376,IMPS
HDFC,HD000123,2025-09-09 01:10:00,2003032432983954,Rahul Chandra,2029618446267146,Ritu Kapoor,21129,RTGS
HDFC,HD000124,2025-09-09 03:53:00,2035989262566093,Manisha Iyer,2014181861515542,Shreya Bose,12858,UPI
HDFC,HD000125,2025-09-09 04:50:00,2061128497185948,Harshal Dixit,2049102562588967,Isha Kapoor,23000,IMPS
HDFC,HD000126,2025-09-09 05:30:00,2022694053967275,Vikram Patel,2078446834146511,Aarti Bhat,546268,IMPS
HDFC,HD000127,2025-09-09 05:52:00,2048706827788160,Manisha Iyer,2093068538909728,Deepak Kulkarni,4868,IMPS
HDFC,HD000128,2025-09-09 06:06:00,2067625153814474,Aman Sharma,2043096348079705,Ankit Saxena,10276,IMPS
HDFC,HD000129,2025-09-09 06:08:00,2052650167318826,Shreya Bose,2017024376545628,Anjali Mehta,1121398,NEFT
HDFC,HD000130,2025-09-09 07:39:00,2060531340266502,Karan Jain,2037416787256862,Anjali Mehta,58063,NEFT
HDFC,HD000131,2025-09-09 09:48:00,2003056906744716,Komal Ghosh,2039282341436371,Ankit Saxena,19872,IMPS
HDFC,HD000132,2025-09-09 10:27:00,2031260432609310,Karan Jain,2066843356708604,Shreya Bose,12002,RTGS
HDFC,HD000133,2025-09-09 11:31:00,2050200053474916,Harshal Dixit,2024755411082555,Naveen Pillai,8307,IMPS
HDFC,HD000134,2025-09-09 12:25:00,2096112910933711,Yash Chauhan,2089547382023684,Nitin Kumar,142567,IMPS
HDFC,HD000135,2025-09-09 12:56:00,2061768802942409,Sonia Deshmukh,2003678812786866,Shreya Bose,617,NEFT
HDFC,HD000136,2025-09-09 13:52:00,2090878844344812,Karan Jain,2030834024240338,Aman Sharma,21231,IMPS
HDFC,HD000137,2025-09-09 15:27:00,2051842694500534,Shreya Bose,2024089164983735,Rakesh Menon,13458,NEFT
HDFC,HD000138,2025-09-09 16:27:00,2065271727223972,Rina Dutta,2040422693121637,Anjali Mehta,60991,RTGS
HDFC,HD000139,2025-09-09 16:31:00,2091660100231429,Tanvi Agarwal,2000185132797245,Rahul Chandra,18310,IMPS
HDFC,HD000140,2025-09-09 19:12:00,2081001841862030,Aditya Desai,2036625436172131,Nitin Kumar,11435,NEFT
HDFC,HD000141,2025-09-09 19:34:00,2009226859262494,Tanvi Agarwal,2051475410225267,Vikram Patel,14506,UPI
HDFC,HD000142,2025-09-09 20:46:00,2021522655767695,Harshal Dixit,2023668788788361,Arjun Nair,23224,RTGS
HDFC,HD000143,2025-09-09 21:43:00,2013503058721055,Neha Verma,2024728633302126,Geeta Reddy,23483,NEFT
HDFC,HD000144,2025-09-10 00:12:00,2017920252131096,Priya Singh,2022728476570412,Rohit Gupta,6187,IMPS
HDFC,HD000145,2025-09-10 00:15:00,2066784984362418,Kajal Thomas,2062369036289177,Rina Dutta,68208,NEFT
HDFC,HD000146,2025-09-10 01:51:00,2063411159503428,Mitali Banerjee,2011390438303419,Rohit Gupta,16353,NEFT
HDFC,HD000147,2025-09-10 03:12:00,2014054683565215,Neeraj Roy,2068182096790422,Sanjay Rao,49456,UPI
HDFC,HD000148,2025-09-10 04:12:00,2032288985725459,Sneha Joshi,2060633991297102,Yash Chauhan,47851,IMPS
HDFC,HD000149,2025-09-10 06:09:00,2052421495511274,Sahil Sinha,2074721970546692,Meera Mohan,20967,UPI
HDFC,HD000150,2025-09-10 07:45:00,2016874090380214,Anjali Mehta,2062961367157787,Sanjay Rao,4050,UPI
HDFC,HD000151,2025-09-10 09:27:00,2063651559737147,Tanvi Agarwal,2008272359096056,Rakesh Menon,1251,UPI
HDFC,HD000152,2025-09-10 12:23:00,2064421214614768,Ritu Kapoor,2034201654235677,Sunita Nair,1116003,IMPS
HDFC,HD000153,2025-09-10 15:21:00,2096089319925502,Rohit Gupta,2072751648072791,Rakesh Menon,74194,IMPS
HDFC,HD000154,2025-09-10 17:41:00,2029635339055044,Neeraj Roy,2081776655868512,Geeta Reddy,18612,IMPS
HDFC,HD000155,2025-09-10 20:00:00,2066464911110961,Parth Shah,2079817890463378,Karan Jain,15887,UPI
HDFC,HD000156,2025-09-10 21:30:00,2076605384444630,Yash Chauhan,2060002589552963,Rina Dutta,21616,IMPS
HDFC,HD000157,2025-09-10 21:44:00,2096262658263128,Rahul Chandra,2019648253110609,Neha Verma,18315,UPI
HDFC,HD000158,2025-09-10 22:05:00,2096027523343836,Aditya Desai,2040412091179112,Mohit Khanna,49321,NEFT
HDFC,HD000159,2025-09-10 23:38:00,2036170617136657,Ritu Kapoor,2022402990155799,Aman Sharma,24803,NEFT
HDFC,HD000160,2025-09-11 00:10:00,2039080882351305,Geeta Reddy,2023124473158477,Komal Ghosh,604865,NEFT
HDFC,HD000161,2025-09-11 01:01:00,2046199423767694,Komal Ghosh,2059196639551720,Mohit Khanna,10116,IMPS
HDFC,HD000162,2025-09-11 03:47:00,2085601256253135,Vikram Patel,2052510505379538,Parth Shah,7452,IMPS
HDFC,HD000163,2025-09-11 04:14:00,2084919665533077,Aditya Desai,2004611729596390,Neha Verma,19366,UPI
HDFC,HD000164,2025-09-11 06:13:00,2042608805017164,Karan Jain,2045561857906477,Meera Mohan,415469,NEFT
HDFC,HD000165,2025-09-11 06:26:00,2002156321358004,Karan Jain,2001041459642297,Isha Kapoor,5349,RTGS
HDFC,HD000166,2025-09-11 08:12:00,2071883977457314,Parth Shah,2041583311703037,Pooja Reddy,11655,NEFT
HDFC,HD000167,2025-09-11 10:44:00,2088547281235679,Karan Jain,2083631462491271,Aarti Bhat,15601,NEFT
HDFC,HD000168,2025-09-11 10:52:00,2078754181563268,Rina Dutta,2068507451066343,Deepak Kulkarni,17852,IMPS
HDFC,HD000169,2025-09-11 13:05:00,2061031310094318,Nitin Kumar,2014396661347323,Aditya Desai,100492,RTGS
HDFC,HD000170,2025-09-11 13:30:00,2028974325122572,Aman Sharma,2007650241209579,Pranav Mitra,148881,NEFT
HDFC,HD000171,2025-09-11 13:35:00,2094388221145775,Shreya Bose,2084745705458971,Naveen Pillai,30434,NEFT
HDFC,HD000172,2025-09-11 15:21:00,2032570396531361,Rohit Gupta,2048782455696443,Harshal Dixit,11748,RTGS
HDFC,HD000173,2025-09-11 15:53:00,2067954107272849,Priya Singh,2082474140703491,Pranav Mitra,14600,IMPS
HDFC,HD000174,2025-09-11 15:54:00,2004254882142369,Sneha Joshi,2014307536661449,Deepak Kulkarni,22746,RTGS
HDFC,HD000175,2025-09-11 18:23:00,2023426834414978,Arjun Nair,2026612875857567,Neeraj Roy,18814,NEFT
HDFC,HD000176,2025-09-11 20:11:00,2012943985298940,Anjali Mehta,2062607870104159,Aditya Desai,23129,NEFT
HDFC,HD000177,2025-09-11 20:27:00,2019803828723244,Anjali Mehta,2007931102918133,Tanvi Agarwal,17074,IMPS
HDFC,HD000178,2025-09-11 20:42:00,2014672384979162,Pranav Mitra,2002232883774419,Meera Mohan,13318,IMPS
HDFC,HD000179,2025-09-11 21:10:00,2076620471960940,Nitin Kumar,2097052774025883,Naveen Pillai,2556,NEFT
HDFC,HD000180,2025-09-11 21:49:00,2059572446176792,Neha Verma,2098842599599610,Sunita Nair,22299,NEFT
HDFC,HD000181,2025-09-12 00:43:00,2075331266109410,Pooja Reddy,2017590251762983,Mohit Khanna,22744,NEFT
HDFC,HD000182,2025-09-12 01:35:00,2026831901302056,Ankit Saxena,2098152873397855,Yash Chauhan,42605,IMPS
HDFC,HD000183,2025-09-12 04:16:00,2061912841173098,Naveen Pillai,2050344651241893,Ankit Saxena,13581,IMPS
HDFC,HD000184,2025-09-12 06:36:00,2019740056435023,Sanjay Rao,2085037199051699,Yash Chauhan,4742,NEFT
HDFC,HD000185,2025-09-12 06:47:00,2010783567430003,Karan Jain,2089608706626682,Sahil Sinha,20673,UPI
HDFC,HD000186,2025-09-12 08:22:00,2053560331903689,Aarti Bhat,2000301027240559,Aditya Desai,13535,IMPS
HDFC,HD000187,2025-09-12 08:54:00,2011483753745843,Isha Kapoor,2084588105697413,Naveen Pillai,24810,IMPS
HDFC,HD000188,2025-09-12 09:26:00,2052037710704496,Parth Shah,2041049670667033,Deepak Kulkarni,17948,NEFT
HDFC,HD000189,2025-09-12 10:45:00,2008509549305966,Neeraj Roy,2001864876998426,Aarti Bhat,997,NEFT
HDFC,HD000190,2025-09-12 13:40:00,2041384596094544,Rohit Gupta,2090149542770707,Nitin Kumar,18738,NEFT
HDFC,HD000191,2025-09-12 13:55:00,2091498517244472,Yash Chauhan,2032290310287950,Manisha Iyer,23914,UPI
HDFC,HD000192,2025-09-12 15:01:00,2005809351187181,Vikas Yadav,2033595616420595,Arjun Nair,123230,IMPS
HDFC,HD000193,2025-09-12 16:17:00,2090250429019358,Mitali Banerjee,2089536902611398,Yash Chauhan,166288,RTGS
HDFC,HD000194,2025-09-12 18:33:00,2009788754394353,Meera Mohan,2053751376515881,Tanvi Agarwal,15211,RTGS
HDFC,HD000195,2025-09-12 19:32:00,2092836929445511,Yash Chauhan,2066829732702164,Tanvi Agarwal,58135,RTGS
HDFC,HD000196,2025-09-12 21:23:00,2002128866526834,Aditya Desai,2015599910157676,Tanvi Agarwal,73091,RTGS
HDFC,HD000197,2025-09-12 23:54:00,2081209957657289,Kajal Thomas,2041347509889864,Parth Shah,6346,UPI
HDFC,HD000198,2025-09-13 00:05:00,2036849951542144,Komal Ghosh,2077324491342138,Sunita Nair,1802,UPI
HDFC,HD000199,2025-09-13 02:24:00,2083070534967827,Vikram Patel,2041176741241513,Kajal Thomas,11488,NEFT
HDFC,HD000200,2025-09-13 05:06:00,2081506185380032,Naveen Pillai,2096334727274231,Rakesh Menon,2704,IMPS
HDFC,HD000201,2025-09-13 07:43:00,2032064969357824,Arjun Nair,2034776958741314,Sahil Sinha,22206,IMPS
HDFC,HD000202,2025-09-13 08:29:00,2075156277963044,Priya Singh,2083608545667664,Shreya Bose,7674,NEFT
HDFC,HD000203,2025-09-13 08:41:00,2047639283199529,Pooja Reddy,2080061558108358,Sunita Nair,128685,RTGS
HDFC,HD000204,2025-09-13 09:40:00,2042556383000818,Isha Kapoor,2067024403304166,Shreya Bose,45062,NEFT
HDFC,HD000205,2025-09-13 11:27:00,2000892196394568,Arjun Nair,2004473149764613,Yash Chauhan,9819,UPI
HDFC,HD000206,2025-09-13 13:44:00,2083607658173906,Pranav Mitra,2037579145211823,Harshal Dixit,5131,IMPS
HDFC,HD000207,2025-09-13 15:46:00,2089307464520599,Yash Chauhan,2060438787535778,Sanjay Rao,1092762,IMPS
HDFC,HD000208,2025-09-13 17:23:00,2020281237106728,Meera Mohan,2072866041644859,Mitali Banerjee,5137,NEFT
HDFC,HD000209,2025-09-13 20:19:00,2039589477352287,Vikas Yadav,2005622710433187,Anjali Mehta,15858,IMPS
HDFC,HD000210,2025-09-13 20:37:00,2058350344694596,Isha Kapoor,2048831921342491,Naveen Pillai,13048,NEFT
HDFC,HD000211,2025-09-13 23:09:00,2094973203319222,Aarti Bhat,2070510287675481,Yash Chauhan,13133,RTGS
HDFC,HD000212,2025-09-14 00:40:00,2048581932426877,Pooja Reddy,2041865205756398,Parth Shah,24998,UPI
HDFC,HD000213,2025-09-14 01:31:00,2075830945154809,Pranav Mitra,2040476044090797,Deepak Kulkarni,21718,RTGS
HDFC,HD000214,2025-09-14 01:58:00,2005092221610705,Arjun Nair,2018439055295806,Priya Singh,16933,NEFT
HDFC,HD000215,2025-09-14 03:07:00,2012704938620448,Kajal Thomas,2051579197111212,Harshal Dixit,1158,RTGS
HDFC,HD000216,2025-09-14 03:10:00,2035713432406424,Pranav Mitra,2029563343244741,Nitin Kumar,11931,RTGS
HDFC,HD000217,2025-09-14 05:24:00,2072096289365435,Tanvi Agarwal,2088418343740182,Isha Kapoor,11083,IMPS
HDFC,HD000218,2025-09-14 07:01:00,2090515026755125,Aarti Bhat,2042782079799667,Mohit Khanna,182534,NEFT
HDFC,HD000219,2025-09-14 09:55:00,2064038166496902,Nitin Kumar,2082498392250142,Neeraj Roy,15592,NEFT
HDFC,HD000220,2025-09-14 10:33:00,2032441233613285,Parth Shah,2007251786376731,Isha Kapoor,4875,IMPS
HDFC,HD000221,2025-09-14 11:57:00,2046968157903923,Rakesh Menon,2055580996132730,Sneha Joshi,11627,IMPS
HDFC,HD000222,2025-09-14 12:44:00,2062446704622681,Pranav Mitra,2071516025298670,Rina Dutta,2286,NEFT
HDFC,HD000223,2025-09-14 13:51:00,2019785758512686,Rohit Gupta,2012059438976074,Karan Jain,145652,IMPS
HDFC,HD000224,2025-09-14 16:25:00,2054654084245607,Isha Kapoor,2054091508632181,Rahul Chandra,14626,RTGS
HDFC,HD000225,2025-09-14 17:54:00,2079389701550291,Mitali Banerjee,2068154660241613,Mohit Khanna,1490968,IMPS
HDFC,HD000226,2025-09-14 18:57:00,2005973642480962,Manisha Iyer,2044063062447951,Neha Verma,82949,NEFT
HDFC,HD000227,2025-09-14 20:11:00,2097969586780555,Pranav Mitra,2057277382646091,Yash Chauhan,374257,NEFT
HDFC,HD000228,2025-09-14 22:27:00,2054457702992959,Rina Dutta,2066048736826911,Rakesh Menon,4125,IMPS
HDFC,HD000229,2025-09-14 23:13:00,2026865369455158,Ritu Kapoor,2088636774722640,Vikas Yadav,197017,NEFT
HDFC,HD000230,2025-09-14 23:39:00,2069666309329981,Parth Shah,2099605932971509,Yash Chauhan,6825,RTGS
HDFC,HD000231,2025-09-15 00:21:00,2075327352410397,Vikram Patel,2073973278195237,Aman Sharma,131522,RTGS
HDFC,HD000232,2025-09-15 02:22:00,2061648198077046,Arjun Nair,2005687611249125,Vikas Yadav,8464,RTGS
HDFC,HD000233,2025-09-15 03:16:00,2041517734547574,Sneha Joshi,2094902284035954,Sunita Nair,10485,IMPS
HDFC,HD000234,2025-09-15 05:09:00,2042229464303942,Kajal Thomas,2090458867925298,Naveen Pillai,16400,IMPS
HDFC,HD000235,2025-09-15 07:24:00,2072760153433249,Vikas Yadav,2013577908335061,Komal Ghosh,18630,UPI
HDFC,HD000236,2025-09-15 09:42:00,2010798334233720,Harshal Dixit,2094841312840333,Tanvi Agarwal,18094,RTGS
HDFC,HD000237,2025-09-15 09:56:00,2051371717318939,Arjun Nair,2074909617399704,Sonia Deshmukh,21180,NEFT
HDFC,HD000238,2025-09-15 12:06:00,2078444835488471,Vikas Yadav,2027058772216417,Ritu Kapoor,75750,RTGS
HDFC,HD000239,2025-09-15 13:06:00,2034845871493925,Mohit Khanna,2023622925879643,Tanvi Agarwal,836734,IMPS
HDFC,HD000240,2025-09-15 14:25:00,2055574696606065,Yash Chauhan,2027403344505665,Pooja Reddy,186889,IMPS
HDFC,HD000241,2025-09-15 15:36:00,2011325797067349,Vikram Patel,2096010548574172,Kajal Thomas,1067755,RTGS
HDFC,HD000242,2025-09-15 16:15:00,2094938173598488,Vikas Yadav,2040215573257375,Pooja Reddy,23570,NEFT
HDFC,HD000243,2025-09-15 18:50:00,2002166670808509,Karan Jain,2060858749511918,Ritu Kapoor,17326,RTGS
HDFC,HD000244,2025-09-15 19:13:00,2097931647725129,Kajal Thomas,2057860694096003,Geeta Reddy,7803,IMPS
HDFC,HD000245,2025-09-15 20:37:00,2087395923234210,Geeta Reddy,2089028515533342,Shreya Bose,7618,RTGS
HDFC,HD000246,2025-09-15 20:44:00,2027160736077633,Nitin Kumar,2069112898123179,Kajal Thomas,7392,UPI
HDFC,HD000247,2025-09-15 22:54:00,2057481700666155,Deepak Kulkarni,2041643167045023,Mitali Banerjee,17494,NEFT
HDFC,HD000248,2025-09-16 01:52:00,2070093459626228,Neha Verma,2022512073465495,Vikas Yadav,15917,NEFT
HDFC,HD000249,2025-09-16 02:29:00,2060869822105316,Isha Kapoor,2011776872904774,Kajal Thomas,12479,UPI
HDFC,HD000250,2025-09-16 05:21:00,2017793238223116,Shreya Bose,2049133424579889,Isha Kapoor,12780,IMPS
ICICI,IC000001,2025-09-01 10:29:00,3006032020326509,Shreya Bose,3077539673794871,Komal Ghosh,907275,UPI
ICICI,IC000002,2025-09-01 11:17:00,3045787158415608,Sanjay Rao,3021371184254768,Komal Ghosh,17241,NEFT
ICICI,IC000003,2025-09-01 14:12:00,3030358929880858,Shreya Bose,3038252129328963,Priya Singh,1040692,NEFT
ICICI,IC000004,2025-09-01 16:26:00,3067752401484399,Aarti Bhat,3010622723626693,Nitin Kumar,9551,NEFT
ICICI,IC000005,2025-09-01 18:09:00,3019237245018481,Parth Shah,3097374189721540,Mohit Khanna,15787,IMPS
ICICI,IC000006,2025-09-01 18:53:00,3074381199537660,Harshal Dixit,3014448564510173,Pranav Mitra,14713,IMPS
ICICI,IC000007,2025-09-01 19:20:00,3078996986091919,Rohit Gupta,3011359966057798,Rina Dutta,189658,RTGS
ICICI,IC000008,2025-09-01 21:11:00,3003920514607455,Nitin Kumar,3053470574238856,Deepak Kulkarni,48297,NEFT
ICICI,IC000009,2025-09-01 23:49:00,3083541165972634,Yash Chauhan,3075575225013948,Aditya Desai,166101,NEFT
ICICI,IC000010,2025-09-02 02:28:00,3013119642585626,Pranav Mitra,3014991537038240,Manisha Iyer,82404,NEFT
ICICI,IC000011,2025-09-02 03:26:00,3073204309776889,Aarti Bhat,3036289696454655,Kajal Thomas,3024,UPI
ICICI,IC000012,2025-09-02 04:01:00,3053892187851935,Neha Verma,3083749079779612,Yash Chauhan,21808,NEFT
ICICI,IC000013,2025-09-02 05:30:00,3072151494097626,Aman Sharma,3037484539862895,Ankit Saxena,12242,IMPS
ICICI,IC000014,2025-09-02 05:49:00,3091862339220715,Deepak Kulkarni,3011696667252145,Geeta Reddy,155989,NEFT
ICICI,IC000015,2025-09-02 06:56:00,3063351571840908,Meera Mohan,3005120800564099,Vikram Patel,595276,IMPS
ICICI,IC000016,2025-09-02 09:04:00,3028351295927282,Anjali Mehta,3070908144152982,Pranav Mitra,5587,UPI
ICICI,IC000017,2025-09-02 10:31:00,3078671815352373,Naveen Pillai,3060507918158998,Rina Dutta,193611,NEFT
ICICI,IC000018,2025-09-02 11:54:00,3027346666170715,Mitali Banerjee,3087964740803149,Ritu Kapoor,10777,RTGS
ICICI,IC000019,2025-09-02 14:11:00,3000463580688285,Rohit Gupta,3003172351373990,Parth Shah,23089,NEFT
ICICI,IC000020,2025-09-02 15:26:00,3003526356022939,Mohit Khanna,3046943460666437,Sonia Deshmukh,23192,IMPS
ICICI,IC000021,2025-09-02 18:25:00,3072311127128524,Pooja Reddy,3064844941163187,Isha Kapoor,1669,IMPS
ICICI,IC000022,2025-09-02 18:53:00,3013062113695727,Neeraj Roy,3090833509025425,Pooja Reddy,318339,IMPS
ICICI,IC000023,2025-09-02 19:33:00,3048132357071398,Sunita Nair,3048228501168809,Kajal Thomas,5201,UPI
ICICI,IC000024,2025-09-02 22:29:00,3030609069130981,Tanvi Agarwal,3007964967379457,Rahul Chandra,12300,NEFT
ICICI,IC000025,2025-09-02 23:43:00,3026425064207683,Kajal Thomas,3062536667776755,Rina Dutta,17864,NEFT
ICICI,IC000026,2025-09-03 00:39:00,3039395786543627,Geeta Reddy,3018749603358268,Deepak Kulkarni,249987,IMPS
ICICI,IC000027,2025-09-03 02:18:00,3092492693265732,Kajal Thomas,3075998011100051,Nitin Kumar,5434,UPI
ICICI,IC000028,2025-09-03 03:37:00,3015959775244182,Rahul Chandra,3022618962887431,Sahil Sinha,1790,NEFT
ICICI,IC000029,2025-09-03 05:15:00,3076720957992707,Kajal Thomas,3095515122946213,Aditya Desai,46778,IMPS
ICICI,IC000030,2025-09-03 07:22:00,3009962543848075,Rohit Gupta,3020344765047158,Isha Kapoor,188623,NEFT
ICICI,IC000031,2025-09-03 09:49:00,3004637660465586,Komal Ghosh,3065254837441715,Karan Jain,4711,RTGS
ICICI,IC000032,2025-09-03 10:17:00,3031251293110059,Sanjay Rao,3012975191023121,Aman Sharma,22965,NEFT
ICICI,IC000033,2025-09-03 10:30:00,3016583737927490,Pooja Reddy,3072801234289311,Deepak Kulkarni,84695,NEFT
ICICI,IC000034,2025-09-03 13:13:00,3094968436453804,Kajal Thomas,3042101750961701,Harshal Dixit,119760,IMPS
ICICI,IC000035,2025-09-03 15:49:00,3019457575747583,Rahul Chandra,3039205677567772,Parth Shah,1302,RTGS
ICICI,IC000036,2025-09-03 17:11:00,3062650622923106,Pranav Mitra,3072453076248433,Sonia Deshmukh,138471,IMPS
ICICI,IC000037,2025-09-03 17:52:00,3070511579423873,Aditya Desai,3067042549691928,Vikas Yadav,58590,IMPS
ICICI,IC000038,2025-09-03 19:54:00,3010756335357485,Neha Verma,3095325939933797,Kajal Thomas,3632,IMPS
ICICI,IC000039,2025-09-03 20:32:00,3095187794176342,Pranav Mitra,3050733055978245,Kajal Thomas,18073,NEFT
ICICI,IC000040,2025-09-03 23:18:00,3039914038843660,Yash Chauhan,3044324006157276,Sunita Nair,10792,NEFT
ICICI,IC000041,2025-09-04 00:29:00,3074397429250105,Rohit Gupta,3087525680656259,Aditya Desai,19129,NEFT
ICICI,IC000042,2025-09-04 02:40:00,3002711221823155,Sanjay Rao,3051651768086628,Rakesh Menon,4276,RTGS
ICICI,IC000043,2025-09-04 03:47:00,3033080037003322,Pooja Reddy,3085566084706810,Harshal Dixit,8020,IMPS
ICICI,IC000044,2025-09-04 03:49:00,3051958263280944,Aditya Desai,3085862394535461,Sahil Sinha,20271,UPI
ICICI,IC000045,2025-09-04 06:41:00,3086321061339439,Vikas Yadav,3045703943804032,Rakesh Menon,24091,IMPS
ICICI,IC000046,2025-09-04 08:05:00,3076927789431910,Rakesh Menon,3009004047692105,Pooja Reddy,981863,NEFT
ICICI,IC000047,2025-09-04 09:52:00,3004014247310720,Vikram Patel,3011379844097123,Rina Dutta,1479,NEFT
ICICI,IC000048,2025-09-04 11:43:00,3076209014473404,Sonia Deshmukh,3033700968730451,Meera Mohan,15982,IMPS
ICICI,IC000049,2025-09-04 13:19:00,3058825562965754,Ritu Kapoor,3027865619425577,Sunita Nair,115035,IMPS
ICICI,IC000050,2025-09-04 16:00:00,3029582923616188,Yash Chauhan,3008190482357155,Rina Dutta,13371,NEFT
ICICI,IC000051,2025-09-04 17:30:00,3061372308172143,Vikram Patel,3064381300041321,Mohit Khanna,4397,IMPS
ICICI,IC000052,2025-09-04 19:02:00,3060945653469979,Harshal Dixit,3090707550476816,Ankit Saxena,153532,UPI
ICICI,IC000053,2025-09-04 20:40:00,3007174811317653,Neha Verma,3097054873961029,Komal Ghosh,16951,NEFT
ICICI,IC000054,2025-09-04 21:51:00,3096804918727420,Parth Shah,3049561213773062,Rohit Gupta,7821,NEFT
ICICI,IC000055,2025-09-05 00:46:00,3097371122299077,Vikram Patel,3056085816704686,Sanjay Rao,22280,IMPS
ICICI,IC000056,2025-09-05 02:29:00,3083210219237858,Rina Dutta,3047129618033242,Aman Sharma,17218,RTGS
ICICI,IC000057,2025-09-05 02:58:00,3084980425373377,Komal Ghosh,3073126881228217,Vikram Patel,8595,IMPS
ICICI,IC000058,2025-09-05 04:44:00,3053460605603567,Geeta Reddy,3093279862398471,Sonia Deshmukh,2673,IMPS
ICICI,IC000059,2025-09-05 05:22:00,3005464754895478,Naveen Pillai,3076989992751758,Ankit Saxena,8744,IMPS
ICICI,IC000060,2025-09-05 06:32:00,3049835539354358,Rakesh Menon,3064496392435885,Neeraj Roy,6182,NEFT
ICICI,IC000061,2025-09-05 07:47:00,3033952753674978,Pranav Mitra,3052491416860134,Neeraj Roy,1354785,IMPS
ICICI,IC000062,2025-09-05 08:58:00,3089634067917665,Anjali Mehta,3012215001418842,Geeta Reddy,22136,IMPS
ICICI,IC000063,2025-09-05 09:01:00,3015944633399948,Sunita Nair,3053208953263890,Sanjay Rao,20623,UPI
ICICI,IC000064,2025-09-05 10:11:00,3071136337922341,Sahil Sinha,3003469967331167,Rahul Chandra,125788,RTGS
ICICI,IC000065,2025-09-05 11:49:00,3008437685507896,Rina Dutta,3079352196263355,Shreya Bose,10024,RTGS
ICICI,IC000066,2025-09-05 13:27:00,3097093170695560,Sunita Nair,3076761645345472,Manisha Iyer,194086,IMPS
ICICI,IC000067,2025-09-05 15:43:00,3030650312198041,Vikram Patel,3084724264236428,Manisha Iyer,187777,NEFT
ICICI,IC000068,2025-09-05 18:31:00,3024876230391114,Shreya Bose,3028178522823052,Komal Ghosh,156312,IMPS
ICICI,IC000069,2025-09-05 18:46:00,3062207223959473,Pranav Mitra,3072132901620478,Rina Dutta,24297,IMPS
ICICI,IC000070,2025-09-05 21:01:00,3078599648628720,Pranav Mitra,3031954196664505,Pooja Reddy,81511,IMPS
ICICI,IC000071,2025-09-05 23:45:00,3027924632037476,Nitin Kumar,3077537260321450,Neeraj Roy,1108869,NEFT
ICICI,IC000072,2025-09-06 01:01:00,3058870715534820,Ankit Saxena,3012840083850765,Neeraj Roy,11200,NEFT
ICICI,IC000073,2025-09-06 01:15:00,3089177680898126,Sneha Joshi,3057422319646300,Aman Sharma,607883,IMPS
ICICI,IC000074,2025-09-06 02:05:00,3062689430120471,Yash Chauhan,3037271175957498,Vikas Yadav,11199,IMPS
ICICI,IC000075,2025-09-06 04:56:00,3098493306745847,Ritu Kapoor,3060944128333721,Komal Ghosh,24831,IMPS
ICICI,IC000076,2025-09-06 07:22:00,3054132971506662,Geeta Reddy,3067055143776936,Aarti Bhat,20507,RTGS
ICICI,IC000077,2025-09-06 08:49:00,3029596111102867,Sunita Nair,3012007202455910,Sneha Joshi,1776,UPI
ICICI,IC000078,2025-09-06 09:11:00,3009032671494981,Rohit Gupta,3094217942817934,Rina Dutta,199329,NEFT
ICICI,IC000079,2025-09-06 11:13:00,3075844663453372,Kajal Thomas,3020109121722145,Harshal Dixit,16280,IMPS
ICICI,IC000080,2025-09-06 11:45:00,3089437052635100,Aman Sharma,3046277657256592,Sunita Nair,1071998,NEFT
ICICI,IC000081,2025-09-06 13:11:00,3020238974326005,Naveen Pillai,3059550178332584,Rina Dutta,179793,IMPS
ICICI,IC000082,2025-09-06 15:48:00,3036079848704506,Rohit Gupta,3091767993593744,Manisha Iyer,19491,NEFT
ICICI,IC000083,2025-09-06 16:56:00,3008303736060148,Aarti Bhat,3086084907938841,Parth Shah,11267,NEFT
ICICI,IC000084,2025-09-06 19:44:00,3030615370124244,Karan Jain,3062632514488112,Aman Sharma,338375,RTGS
ICICI,IC000085,2025-09-06 20:54:00,3021751887817941,Vikas Yadav,3051526384091122,Sunita Nair,23094,IMPS
ICICI,IC000086,2025-09-06 22:57:00,3050566186323979,Mitali Banerjee,3013787655300730,Nitin Kumar,22276,UPI
ICICI,IC000087,2025-09-07 01:44:00,3056057121988192,Rohit Gupta,3077885190534864,Anjali Mehta,10337,IMPS
ICICI,IC000088,2025-09-07 02:20:00,3046245618517446,Mohit Khanna,3000452128991511,Vikas Yadav,4554,NEFT
ICICI,IC000089,2025-09-07 03:15:00,3091304488189848,Aman Sharma,3041604615402119,Anjali Mehta,36148,IMPS
ICICI,IC000090,2025-09-07 04:48:00,3068142983152291,Yash Chauhan,3007322836084937,Aarti Bhat,7414,IMPS
ICICI,IC000091,2025-09-07 06:28:00,3038452696944391,Karan Jain,3064970169342929,Aarti Bhat,1817,NEFT
ICICI,IC000092,2025-09-07 07:32:00,3001623419031061,Rahul Chandra,3053722155668473,Rakesh Menon,6660,RTGS
ICICI,IC000093,2025-09-07 10:22:00,3037746040672007,Vikram Patel,3084361424426078,Harshal Dixit,10435,IMPS
ICICI,IC000094,2025-09-07 12:18:00,3034764273720376,Neha Verma,3038821458414846,Vikram Patel,4010,NEFT
ICICI,IC000095,2025-09-07 13:31:00,3043899827802058,Rina Dutta,3069507321464493,Sonia Deshmukh,12194,NEFT
ICICI,IC000096,2025-09-07 15:32:00,3093350557385736,Anjali Mehta,3080119236037681,Yash Chauhan,4947,NEFT
ICICI,IC000097,2025-09-07 16:27:00,3035104096149731,Aman Sharma,3053911498307482,Pranav Mitra,81718,RTGS
ICICI,IC000098,2025-09-07 17:52:00,3011893940655782,Isha Kapoor,3001904322302333,Aditya Desai,22181,IMPS
ICICI,IC000099,2025-09-07 20:31:00,3020135462127602,Manisha Iyer,3050826112312616,Sunita Nair,17547,RTGS
ICICI,IC000100,2025-09-07 23:25:00,3089957298937629,Harshal Dixit,3074549303646871,Karan Jain,58235,UPI
ICICI,IC000101,2025-09-08 00:24:00,3081876920828323,Mohit Khanna,3008981388158814,Vikas Yadav,6342,NEFT
ICICI,IC000102,2025-09-08 02:30:00,3032318297168157,Sanjay Rao,3024500000015291,Pooja Reddy,3719,IMPS
ICICI,IC000103,2025-09-08 04:48:00,3050902556184442,Komal Ghosh,3018299874781224,Ankit Saxena,107344,IMPS
ICICI,IC000104,2025-09-08 04:59:00,3086700900436551,Manisha Iyer,3058482669136248,Kajal Thomas,2105,IMPS
ICICI,IC000105,2025-09-08 05:43:00,3096080706336998,Mohit Khanna,3079509822104016,Naveen Pillai,18712,UPI
ICICI,IC000106,2025-09-08 05:45:00,3044287738363816,Sunita Nair,3043212694289464,Neha Verma,14255,RTGS
ICICI,IC000107,2025-09-08 06:19:00,3058631441706462,Sanjay Rao,3055402635582430,Tanvi Agarwal,13973,RTGS
ICICI,IC000108,2025-09-08 07:34:00,3089880315388824,Nitin Kumar,3052790504043333,Pooja Reddy,92559,IMPS
ICICI,IC000109,2025-09-08 08:06:00,3063211197871809,Vikram Patel,3033913732653060,Sanjay Rao,1483196,RTGS
ICICI,IC000110,2025-09-08 10:14:00,3056178688002300,Pranav Mitra,3091561829803657,Mohit Khanna,181257,NEFT
ICICI,IC000111,2025-09-08 12:01:00,3009365952014911,Isha Kapoor,3089418433687509,Arjun Nair,24189,NEFT
ICICI,IC000112,2025-09-08 12:57:00,3099821374556114,Geeta Reddy,3004288605053766,Rohit Gupta,3645,NEFT
ICICI,IC000113,2025-09-08 13:30:00,3060030835669106,Yash Chauhan,3027153123455068,Deepak Kulkarni,4064,IMPS
ICICI,IC000114,2025-09-08 15:35:00,3068293844013480,Meera Mohan,3087354378826033,Ankit Saxena,38999,NEFT
ICICI,IC000115,2025-09-08 17:10:00,3070908599144920,Sonia Deshmukh,3074926999699648,Neeraj Roy,17611,NEFT
ICICI,IC000116,2025-09-08 19:28:00,3059693259140849,Arjun Nair,3093231234266980,Ankit Saxena,18781,IMPS
ICICI,IC000117,2025-09-08 21:10:00,3017607234838935,Ankit Saxena,3095382804056129,Geeta Reddy,18497,RTGS
ICICI,IC000118,2025-09-08 21:48:00,3069582641869656,Mohit Khanna,3013087612385951,Pooja Reddy,129510,IMPS
ICICI,IC000119,2025-09-08 22:50:00,3094840027300869,Priya Singh,3066101683113950,Vikram Patel,2334,IMPS
ICICI,IC000120,2025-09-09 00:02:00,3014915076283976,Priya Singh,3020534407779462,Sahil Sinha,130702,RTGS
ICICI,IC000121,2025-09-09 01:48:00,3029250817760299,Isha Kapoor,3014068841333731,Kajal Thomas,6111,NEFT
ICICI,IC000122,2025-09-09 03:31:00,3017817032119206,Pooja Reddy,3013638527789561,Rakesh Menon,22384,IMPS
ICICI,IC000123,2025-09-09 04:50:00,3049029502648016,Pranav Mitra,3044037341678127,Komal Ghosh,6616,NEFT
ICICI,IC000124,2025-09-09 05:32:00,3017982134862985,Neha Verma,3079736383182856,Vikas Yadav,15233,UPI
ICICI,IC000125,2025-09-09 05:38:00,3079866177067368,Sanjay Rao,3020506821223552,Rina Dutta,22112,IMPS
ICICI,IC000126,2025-09-09 07:04:00,3087146921821925,Aditya Desai,3096790898436998,Ritu Kapoor,66508,NEFT
ICICI,IC000127,2025-09-09 07:14:00,3050938694842495,Nitin Kumar,3098811457887071,Deepak Kulkarni,18324,IMPS
ICICI,IC000128,2025-09-09 08:54:00,3073820974619177,Naveen Pillai,3098768299687225,Mitali Banerjee,1751,RTGS
ICICI,IC000129,2025-09-09 11:11:00,3058062350405669,Deepak Kulkarni,3057900124825544,Naveen Pillai,19950,IMPS
ICICI,IC000130,2025-09-09 11:47:00,3059423289463389,Sunita Nair,3015624152857256,Mitali Banerjee,19804,NEFT
ICICI,IC000131,2025-09-09 14:45:00,3035895138186550,Pooja Reddy,3078468509574430,Sneha Joshi,4431,RTGS
ICICI,IC000132,2025-09-09 16:57:00,3091179720385934,Anjali Mehta,3001536415471553,Rakesh Menon,120974,IMPS
ICICI,IC000133,2025-09-09 17:52:00,3067813675009421,Priya Singh,3041052769819878,Sonia Deshmukh,59508,RTGS
ICICI,IC000134,2025-09-09 17:54:00,3045238885622586,Vikas Yadav,3060598678744227,Komal Ghosh,24774,RTGS
ICICI,IC000135,2025-09-09 19:06:00,3085965594282491,Vikram Patel,3016502000245393,Aarti Bhat,4292,RTGS
ICICI,IC000136,2025-09-09 20:28:00,3013055708368214,Sahil Sinha,3044889669972736,Aditya Desai,5405,RTGS
ICICI,IC000137,2025-09-09 21:02:00,3058254318328123,Aarti Bhat,3012392049106018,Arjun Nair,5747,NEFT
ICICI,IC000138,2025-09-09 23:24:00,3075082768172257,Ankit Saxena,3075458472629052,Sanjay Rao,22447,RTGS
ICICI,IC000139,2025-09-10 01:02:00,3083160827172173,Rakesh Menon,3037399205222999,Arjun Nair,51427,RTGS
ICICI,IC000140,2025-09-10 02:26:00,3091438823255398,Aarti Bhat,3035844617773264,Neha Verma,9053,RTGS
ICICI,IC000141,2025-09-10 04:54:00,3079127997029271,Yash Chauhan,3020539787137529,Naveen Pillai,5390,NEFT
ICICI,IC000142,2025-09-10 07:47:00,3012560832004879,Rina Dutta,3078889753585238,Priya Singh,35601,NEFT
ICICI,IC000143,2025-09-10 08:59:00,3043619951715239,Pooja Reddy,3010292950143748,Priya Singh,6933,UPI
ICICI,IC000144,2025-09-10 11:27:00,3067139719126022,Parth Shah,3013217672019111,Rina Dutta,6421,NEFT
ICICI,IC000145,2025-09-10 14:06:00,3007258733930493,Anjali Mehta,3066538027481242,Sanjay Rao,18797,IMPS
ICICI,IC000146,2025-09-10 16:47:00,3082509522946209,Anjali Mehta,3035561039952970,Manisha Iyer,448828,NEFT
ICICI,IC000147,2025-09-10 17:36:00,3065858564230412,Priya Singh,3002706159273874,Sunita Nair,2515,IMPS
ICICI,IC000148,2025-09-10 17:58:00,3066906322481554,Sahil Sinha,3020340301095679,Meera Mohan,10601,IMPS
ICICI,IC000149,2025-09-10 19:33:00,3079554623471247,Manisha Iyer,3060108018103068,Anjali Mehta,9549,RTGS
ICICI,IC000150,2025-09-10 19:57:00,3072680808157129,Neeraj Roy,3001507138067130,Manisha Iyer,2066,RTGS
ICICI,IC000151,2025-09-10 21:11:00,3058474362130096,Yash Chauhan,3025885766947031,Aman Sharma,22488,RTGS
ICICI,IC000152,2025-09-10 22:03:00,3096274666215918,Neha Verma,3032700046661459,Vikram Patel,38259,IMPS
ICICI,IC000153,2025-09-11 00:08:00,3071400493881949,Sonia Deshmukh,3005315204998094,Pranav Mitra,1028376,RTGS
ICICI,IC000154,2025-09-11 02:24:00,3073137971669841,Deepak Kulkarni,3066123740779433,Kajal Thomas,7411,RTGS
ICICI,IC000155,2025-09-11 04:36:00,3099499197014262,Mohit Khanna,3003708782116020,Anjali Mehta,168065,UPI
ICICI,IC000156,2025-09-11 04:58:00,3035998989721170,Karan Jain,3088948018644822,Sahil Sinha,946693,IMPS
ICICI,IC000157,2025-09-11 05:58:00,3097857082004806,Sunita Nair,3075712369149611,Komal Ghosh,179778,NEFT
ICICI,IC000158,2025-09-11 06:41:00,3096882769704095,Pranav Mitra,3031419615607832,Aditya Desai,23140,IMPS
ICICI,IC000159,2025-09-11 07:39:00,3056517962409649,Sahil Sinha,3066834960478421,Aman Sharma,11576,NEFT
ICICI,IC000160,2025-09-11 08:16:00,3025936488208934,Sahil Sinha,3086883906246728,Sonia Deshmukh,14423,NEFT
ICICI,IC000161,2025-09-11 08:33:00,3014131935923613,Vikas Yadav,3037605230458816,Neha Verma,955638,UPI
ICICI,IC000162,2025-09-11 09:45:00,3047241916503440,Rohit Gupta,3096617718249898,Ritu Kapoor,24403,NEFT
ICICI,IC000163,2025-09-11 11:28:00,3078214174681359,Sahil Sinha,3026648698939698,Sneha Joshi,999356,IMPS
ICICI,IC000164,2025-09-11 14:25:00,3015594501192920,Ritu Kapoor,3075360511716039,Yash Chauhan,79301,IMPS
ICICI,IC000165,2025-09-11 15:29:00,3062189455906700,Shreya Bose,3009942489420466,Yash Chauhan,14634,IMPS
ICICI,IC000166,2025-09-11 15:42:00,3056420456577580,Rina Dutta,3097453389062354,Parth Shah,191077,NEFT
ICICI,IC000167,2025-09-11 17:30:00,3054016599530062,Ankit Saxena,3021224276774625,Vikram Patel,3896,NEFT
ICICI,IC000168,2025-09-11 18:42:00,3011584886008017,Aman Sharma,3098677823129957,Shreya Bose,24036,IMPS
ICICI,IC000169,2025-09-11 19:50:00,3026121203843753,Sneha Joshi,3065968078525482,Isha Kapoor,18767,IMPS
ICICI,IC000170,2025-09-11 20:50:00,3085454006445475,Sahil Sinha,3023112327489791,Rina Dutta,88674,IMPS
ICICI,IC000171,2025-09-11 23:36:00,3027203886217508,Ritu Kapoor,3001963045306935,Komal Ghosh,94931,IMPS
ICICI,IC000172,2025-09-12 00:35:00,3053400181677848,Ritu Kapoor,3016524445446083,Meera Mohan,16068,IMPS
ICICI,IC000173,2025-09-12 01:31:00,3078105391287884,Tanvi Agarwal,3086999698829045,Harshal Dixit,150657,NEFT
ICICI,IC000174,2025-09-12 03:27:00,3024630198642423,Neha Verma,3083972833912187,Rina Dutta,529497,UPI
ICICI,IC000175,2025-09-12 05:53:00,3032880983221010,Komal Ghosh,3023200186766100,Sonia Deshmukh,18788,UPI
ICICI,IC000176,2025-09-12 08:47:00,3076108143561403,Kajal Thomas,3084531980746823,Sneha Joshi,19790,NEFT
ICICI,IC000177,2025-09-12 11:41:00,3010030762054596,Meera Mohan,3071500666641106,Sneha Joshi,48671,RTGS
ICICI,IC000178,2025-09-12 12:39:00,3040785169949708,Mitali Banerjee,3090583668348268,Ankit Saxena,13227,IMPS
ICICI,IC000179,2025-09-12 12:43:00,3083868889178791,Aarti Bhat,3050596257197609,Isha Kapoor,3350,NEFT
ICICI,IC000180,2025-09-12 15:43:00,3057898260418095,Pranav Mitra,3021755851777412,Aditya Desai,6558,RTGS
ICICI,IC000181,2025-09-12 16:08:00,3088241996264222,Nitin Kumar,3097589170454218,Aditya Desai,1986,NEFT
ICICI,IC000182,2025-09-12 18:18:00,3020922570900163,Ankit Saxena,3056407232472828,Kajal Thomas,98400,NEFT
ICICI,IC000183,2025-09-12 18:41:00,3078822473126168,Deepak Kulkarni,3050710580119509,Neeraj Roy,53629,UPI
ICICI,IC000184,2025-09-12 21:30:00,3015261053709230,Yash Chauhan,3007169500741894,Kajal Thomas,7938,RTGS
ICICI,IC000185,2025-09-12 22:07:00,3098769893652944,Rohit Gupta,3071619827348131,Mohit Khanna,5537,IMPS
ICICI,IC000186,2025-09-13 00:31:00,3096321743574835,Manisha Iyer,3026806486067398,Mohit Khanna,167067,IMPS
ICICI,IC000187,2025-09-13 02:52:00,3042536462805507,Mitali Banerjee,3074065795515623,Deepak Kulkarni,27552,IMPS
ICICI,IC000188,2025-09-13 05:11:00,3055107409131117,Rina Dutta,3086190254760220,Ankit Saxena,8161,NEFT
ICICI,IC000189,2025-09-13 06:20:00,3012012275950026,Sahil Sinha,3001515325947950,Aditya Desai,16632,NEFT
ICICI,IC000190,2025-09-13 08:14:00,3032798059503100,Rakesh Menon,3064934039104520,Geeta Reddy,20540,IMPS
ICICI,IC000191,2025-09-13 09:27:00,3011849135992855,Mitali Banerjee,3035952056100679,Aman Sharma,13534,IMPS
ICICI,IC000192,2025-09-13 11:48:00,3001867740378423,Vikas Yadav,3039449530067762,Kajal Thomas,5765,IMPS
ICICI,IC000193,2025-09-13 11:51:00,3017365426241784,Mitali Banerjee,3029029233451100,Rohit Gupta,14320,RTGS
ICICI,IC000194,2025-09-13 12:03:00,3053088684302116,Kajal Thomas,3067329045759887,Mitali Banerjee,47998,NEFT
ICICI,IC000195,2025-09-13 14:35:00,3064260336202755,Sunita Nair,3082147709207115,Manisha Iyer,169371,NEFT
ICICI,IC000196,2025-09-13 15:24:00,3062192158189705,Harshal Dixit,3091611863855881,Kajal Thomas,15696,IMPS
ICICI,IC000197,2025-09-13 17:25:00,3021688005378931,Komal Ghosh,3086928972845401,Isha Kapoor,16122,NEFT
ICICI,IC000198,2025-09-13 17:39:00,3028394823220414,Isha Kapoor,3047432811659930,Aman Sharma,21276,NEFT
ICICI,IC000199,2025-09-13 17:52:00,3042322775213530,Manisha Iyer,3028165064630059,Sahil Sinha,12160,IMPS
ICICI,IC000200,2025-09-13 20:22:00,3019832102916174,Ankit Saxena,3069029831043841,Parth Shah,5442,IMPS
ICICI,IC000201,2025-09-13 21:14:00,3016708056856670,Mohit Khanna,3063621986550494,Sneha Joshi,14949,UPI
ICICI,IC000202,2025-09-13 22:55:00,3034933965049627,Vikas Yadav,3032262611424362,Yash Chauhan,9234,IMPS
ICICI,IC000203,2025-09-13 23:21:00,3088087991962341,Priya Singh,3099643385324725,Meera Mohan,7869,NEFT
ICICI,IC000204,2025-09-14 00:13:00,3003115876054576,Mitali Banerjee,3094757694535365,Tanvi Agarwal,768024,IMPS
ICICI,IC000205,2025-09-14 02:46:00,3086163421254508,Mitali Banerjee,3009594815269255,Parth Shah,15136,NEFT
ICICI,IC000206,2025-09-14 03:48:00,3007423591426140,Mitali Banerjee,3048933261454307,Arjun Nair,15504,NEFT
ICICI,IC000207,2025-09-14 06:43:00,3000817852211587,Pranav Mitra,3018452354268744,Priya Singh,6856,IMPS
ICICI,IC000208,2025-09-14 07:25:00,3008652377729665,Neha Verma,3063370140052781,Meera Mohan,17511,IMPS
ICICI,IC000209,2025-09-14 07:37:00,3000272214257316,Karan Jain,3009439136817203,Pooja Reddy,11833,IMPS
ICICI,IC000210,2025-09-14 08:17:00,3086209297352595,Aditya Desai,3033222739389920,Meera Mohan,83212,RTGS
ICICI,IC000211,2025-09-14 09:15:00,3023661850761087,Pranav Mitra,3008269718236010,Karan Jain,3769,IMPS
ICICI,IC000212,2025-09-14 11:37:00,3038821764846735,Mohit Khanna,3074223322280194,Rahul Chandra,22466,RTGS
ICICI,IC000213,2025-09-14 14:02:00,3022256062953506,Pranav Mitra,3037311804674130,Kajal Thomas,18813,UPI
ICICI,IC000214,2025-09-14 14:34:00,3085201362608463,Deepak Kulkarni,3097561547055491,Vikram Patel,14528,UPI
ICICI,IC000215,2025-09-14 15:43:00,3011955640919693,Geeta Reddy,3095787520702042,Sunita Nair,2830,IMPS
ICICI,IC000216,2025-09-14 18:30:00,3071212413936967,Manisha Iyer,3089760987312677,Sanjay Rao,73595,NEFT
ICICI,IC000217,2025-09-14 21:17:00,3060759889786533,Deepak Kulkarni,3094319165430895,Manisha Iyer,1996,NEFT
ICICI,IC000218,2025-09-14 23:48:00,3015057644974700,Sahil Sinha,3002687644867649,Harshal Dixit,10642,RTGS
ICICI,IC000219,2025-09-15 00:11:00,3063656045006355,Karan Jain,3037309649692771,Mitali Banerjee,5000,IMPS
ICICI,IC000220,2025-09-15 01:49:00,3035305970255128,Mitali Banerjee,3027636431594898,Vikas Yadav,11925,UPI
ICICI,IC000221,2025-09-15 03:35:00,3063454434414916,Arjun Nair,3099939344974394,Mohit Khanna,22651,RTGS
ICICI,IC000222,2025-09-15 06:35:00,3082230958629739,Karan Jain,3088941321097202,Tanvi Agarwal,150549,NEFT
ICICI,IC000223,2025-09-15 08:48:00,3053465579220300,Nitin Kumar,3044964612939002,Anjali Mehta,4261,NEFT
ICICI,IC000224,2025-09-15 10:47:00,3056589635957086,Manisha Iyer,3019931458434566,Sanjay Rao,18261,IMPS
ICICI,IC000225,2025-09-15 11:00:00,3034236220334742,Rohit Gupta,3046310437968680,Yash Chauhan,195689,NEFT
ICICI,IC000226,2025-09-15 11:37:00,3094690217741743,Shreya Bose,3004350238502289,Geeta Reddy,6436,IMPS
ICICI,IC000227,2025-09-15 13:04:00,3023328293020256,Karan Jain,3091330303346771,Geeta Reddy,120736,UPI
ICICI,IC000228,2025-09-15 13:07:00,3076279955302453,Rohit Gupta,3001239847230342,Isha Kapoor,15522,NEFT
ICICI,IC000229,2025-09-15 15:36:00,3001722240507648,Meera Mohan,3071775461992406,Ritu Kapoor,14941,NEFT
ICICI,IC000230,2025-09-15 18:30:00,3072581225909566,Isha Kapoor,3084482373379121,Sanjay Rao,2044,NEFT
ICICI,IC000231,2025-09-15 20:28:00,3080358690170740,Pranav Mitra,3039251999452951,Anjali Mehta,5156,UPI
ICICI,IC000232,2025-09-15 22:08:00,3043387220542216,Sneha Joshi,3026549633083344,Sahil Sinha,29856,NEFT
ICICI,IC000233,2025-09-16 00:21:00,3078995047020596,Sunita Nair,3085195377492663,Sonia Deshmukh,133558,NEFT
ICICI,IC000234,2025-09-16 01:09:00,3077752259206165,Kajal Thomas,3081292059229411,Arjun Nair,5468,IMPS
ICICI,IC000235,2025-09-16 02:30:00,3096363726294206,Ritu Kapoor,3061549808513313,Rohit Gupta,19305,IMPS
ICICI,IC000236,2025-09-16 03:28:00,3021122121548158,Mohit Khanna,3026868764019185,Yash Chauhan,13261,NEFT
ICICI,IC000237,2025-09-16 04:47:00,3020062987787358,Ankit Saxena,3056646419623421,Rahul Chandra,139326,RTGS
ICICI,IC000238,2025-09-16 05:33:00,3013204104294831,Ankit Saxena,3047891179726999,Shreya Bose,17763,NEFT
ICICI,IC000239,2025-09-16 06:15:00,3083180036660200,Kajal Thomas,3005328538631050,Deepak Kulkarni,17849,RTGS
ICICI,IC000240,2025-09-16 08:36:00,3005826929900768,Tanvi Agarwal,3062763328389633,Arjun Nair,374697,IMPS
ICICI,IC000241,2025-09-16 11:19:00,3018626713684101,Neeraj Roy,3032823392188352,Sonia Deshmukh,41594,IMPS
ICICI,IC000242,2025-09-16 12:43:00,3006776106592088,Nitin Kumar,3014319279761781,Harshal Dixit,17973,IMPS
ICICI,IC000243,2025-09-16 15:02:00,3045720266568629,Kajal Thomas,3059125734989925,Manisha Iyer,22492,IMPS
ICICI,IC000244,2025-09-16 17:45:00,3007429907472966,Sneha Joshi,3094179967080897,Pranav Mitra,12032,IMPS
ICICI,IC000245,2025-09-16 20:12:00,3046418398416734,Mohit Khanna,3078536988164980,Aditya Desai,20322,NEFT
ICICI,IC000246,2025-09-16 22:56:00,3086052102627066,Aman Sharma,3048900824845813,Yash Chauhan,175244,IMPS
ICICI,IC000247,2025-09-17 01:47:00,3005748839974185,Anjali Mehta,3063027500030566,Harshal Dixit,181354,IMPS
ICICI,IC000248,2025-09-17 02:40:00,3005641849378467,Geeta Reddy,3090870187260013,Meera Mohan,57212,NEFT
ICICI,IC000249,2025-09-17 03:50:00,3044429906745686,Isha Kapoor,3052406221559967,Kajal Thomas,573840,NEFT
ICICI,IC000250,2025-09-17 04:37:00,3019053347047476,Manisha Iyer,3048455939652138,Kajal Thomas,3181,UPI
ICICI,IC000251,2025-09-17 05:51:00,3055312900362211,Kajal Thomas,3073277264883958,Yash Chauhan,6429,IMPS
ICICI,IC000252,2025-09-17 07:10:00,3025251618575917,Shreya Bose,3010508054914774,Tanvi Agarwal,12497,IMPS
ICICI,IC000253,2025-09-17 08:42:00,3024784171594973,Naveen Pillai,3044930537880331,Rakesh Menon,2749,IMPS
ICICI,IC000254,2025-09-17 09:44:00,3089260878828152,Sahil Sinha,3078730486251521,Sneha Joshi,22156,NEFT
ICICI,IC000255,2025-09-17 11:08:00,3037801891567344,Rina Dutta,3067177629691433,Isha Kapoor,19360,NEFT
ICICI,IC000256,2025-09-17 12:45:00,3064509999001089,Arjun Nair,3085739083521189,Naveen Pillai,9920,NEFT
ICICI,IC000257,2025-09-17 14:01:00,3064884997957285,Harshal Dixit,3075958281902217,Neeraj Roy,184699,IMPS
ICICI,IC000258,2025-09-17 16:51:00,3012488397170598,Deepak Kulkarni,3044514367286811,Rakesh Menon,7378,IMPS
ICICI,IC000259,2025-09-17 18:19:00,3068119397814590,Geeta Reddy,3009921779055286,Harshal Dixit,12744,NEFT
ICICI,IC000260,2025-09-17 21:08:00,3058807053260119,Aarti Bhat,3039103829742551,Geeta Reddy,2435,IMPS
ICICI,IC000261,2025-09-17 22:32:00,3081810450243736,Rina Dutta,3015873662713589,Mitali Banerjee,12074,NEFT
ICICI,IC000262,2025-09-18 01:11:00,3000585615473156,Ankit Saxena,3063979255116436,Rohit Gupta,17148,UPI
ICICI,IC000263,2025-09-18 03:12:00,3072702896660534,Rakesh Menon,3028164416101975,Vikas Yadav,21301,UPI
ICICI,IC000264,2025-09-18 04:57:00,3040510388027304,Harshal Dixit,3027636281444718,Manisha Iyer,7427,UPI
ICICI,IC000265,2025-09-18 07:25:00,3069067649092288,Karan Jain,3049874551358727,Neeraj Roy,6940,NEFT
ICICI,IC000266,2025-09-18 09:14:00,3088116403439881,Sahil Sinha,3087387758333647,Aman Sharma,49719,NEFT
ICICI,IC000267,2025-09-18 09:17:00,3090915386028262,Isha Kapoor,3054204123190577,Aman Sharma,9658,NEFT
ICICI,IC000268,2025-09-18 09:32:00,3079419324538109,Parth Shah,3079412248709872,Mohit Khanna,175559,IMPS
ICICI,IC000269,2025-09-18 10:19:00,3025174224043261,Tanvi Agarwal,3018900346861630,Aman Sharma,13586,IMPS
ICICI,IC000270,2025-09-18 13:07:00,3020200953662195,Pranav Mitra,3036890057795001,Aarti Bhat,18951,UPI
ICICI,IC000271,2025-09-18 13:14:00,3073971307221138,Shreya Bose,3069087167221045,Arjun Nair,155018,NEFT
ICICI,IC000272,2025-09-18 13:57:00,3081707443602344,Rahul Chandra,3022521602523941,Neha Verma,10497,RTGS
ICICI,IC000273,2025-09-18 15:52:00,3072690326551327,Karan Jain,3061794802455985,Parth Shah,3965,NEFT
ICICI,IC000274,2025-09-18 18:43:00,3015891268649864,Sneha Joshi,3078686237600884,Neeraj Roy,17250,RTGS
ICICI,IC000275,2025-09-18 20:36:00,3081919074992164,Shreya Bose,3000698369235348,Komal Ghosh,15214,UPI
ICICI,IC000276,2025-09-18 20:47:00,3082139865462202,Neha Verma,3012372055033000,Yash Chauhan,8648,RTGS
ICICI,IC000277,2025-09-18 22:31:00,3073919008899114,Harshal Dixit,3016009169232737,Ritu Kapoor,1410413,RTGS
ICICI,IC000278,2025-09-19 01:10:00,3006085481867463,Sanjay Rao,3000099843361137,Anjali Mehta,3290,NEFT
ICICI,IC000279,2025-09-19 04:00:00,3098545829420340,Sonia Deshmukh,3015353466075699,Mohit Khanna,23570,NEFT
ICICI,IC000280,2025-09-19 05:44:00,3067201082402818,Komal Ghosh,3022387940262085,Vikram Patel,23071,NEFT
ICICI,IC000281,2025-09-19 06:19:00,3073536423570041,Nitin Kumar,3029182851816125,Mitali Banerjee,22309,RTGS
ICICI,IC000282,2025-09-19 08:01:00,3010079230466001,Vikram Patel,3028382710123296,Nitin Kumar,1462,IMPS
ICICI,IC000283,2025-09-19 09:09:00,3085076653446042,Pranav Mitra,3027634601915305,Rakesh Menon,848288,IMPS
ICICI,IC000284,2025-09-19 09:48:00,3043586176822512,Vikram Patel,3072670866656224,Ankit Saxena,132157,RTGS
ICICI,IC000285,2025-09-19 11:42:00,3084947712903500,Sneha Joshi,3061848974223543,Priya Singh,14238,RTGS
ICICI,IC000286,2025-09-19 13:19:00,3082121564952549,Naveen Pillai,3020644111973881,Rahul Chandra,582,RTGS
ICICI,IC000287,2025-09-19 15:09:00,3034359488218849,Meera Mohan,3068066405110212,Sneha Joshi,9641,NEFT
ICICI,IC000288,2025-09-19 15:57:00,3030160498603721,Sonia Deshmukh,3086003203197899,Priya Singh,9544,NEFT
ICICI,IC000289,2025-09-19 16:01:00,3034713171978601,Aman Sharma,3062590841947855,Karan Jain,14837,NEFT
ICICI,IC000290,2025-09-19 17:28:00,3082107288780727,Rahul Chandra,3090371616088197,Isha Kapoor,181165,RTGS
ICICI,IC000291,2025-09-19 19:59:00,3064771837530768,Mohit Khanna,3010248085578002,Aditya Desai,4922,NEFT
ICICI,IC000292,2025-09-19 21:41:00,3022169069685746,Kajal Thomas,3070675169139521,Priya Singh,131581,RTGS
ICICI,IC000293,2025-09-19 22:19:00,3061070335084243,Sneha Joshi,3019839248481300,Anjali Mehta,182467,RTGS
ICICI,IC000294,2025-09-19 22:39:00,3005302151675864,Shreya Bose,3063395348110501,Pranav Mitra,5594,IMPS
ICICI,IC000295,2025-09-20 01:09:00,3061573855128177,Parth Shah,3051239597815542,Rohit Gupta,181909,IMPS
ICICI,IC000296,2025-09-20 02:08:00,3060244654677205,Ritu Kapoor,3017107308715647,Manisha Iyer,24180,NEFT
ICICI,IC000297,2025-09-20 02:34:00,3075438027414857,Yash Chauhan,3026029254686272,Naveen Pillai,36979,IMPS
ICICI,IC000298,2025-09-20 04:24:00,3042076327135386,Neha Verma,3076259238687906,Mohit Khanna,17648,UPI
ICICI,IC000299,2025-09-20 06:56:00,3032055340508927,Sahil Sinha,3039615976405356,Priya Singh,156123,IMPS
ICICI,IC000300,2025-09-20 08:55:00,3075542619038422,Vikram Patel,3073627320222711,Neeraj Roy,195721,RTGS
ICICI,IC000301,2025-09-20 10:45:00,3091716204298514,Harshal Dixit,3048698305216903,Deepak Kulkarni,6404,RTGS
ICICI,IC000302,2025-09-20 13:11:00,3080142647106801,Pooja Reddy,3077031637050049,Rakesh Menon,15535,NEFT
ICICI,IC000303,2025-09-20 14:23:00,3069317294763808,Sonia Deshmukh,3039065402599851,Manisha Iyer,83948,NEFT
ICICI,IC000304,2025-09-20 17:23:00,3027281291635049,Rakesh Menon,3060266765272845,Harshal Dixit,20928,RTGS
ICICI,IC000305,2025-09-20 19:54:00,3050708864067560,Aarti Bhat,3020801929022154,Ankit Saxena,8988,IMPS
ICICI,IC000306,2025-09-20 20:03:00,3093225333202351,Rina Dutta,3002555019354503,Harshal Dixit,18666,RTGS
ICICI,IC000307,2025-09-20 21:16:00,3039333243629620,Sahil Sinha,3080598312441290,Vikas Yadav,127976,NEFT
ICICI,IC000308,2025-09-20 23:53:00,3099201237631774,Vikas Yadav,3095421062941937,Ankit Saxena,405079,IMPS
ICICI,IC000309,2025-09-21 00:40:00,3067131753626475,Aman Sharma,3028646120961730,Mitali Banerjee,22121,RTGS
ICICI,IC000310,2025-09-21 02:57:00,3045240321153550,Harshal Dixit,3051432191430877,Neeraj Roy,9050,IMPS
ICICI,IC000311,2025-09-21 03:30:00,3054221883458192,Harshal Dixit,3004877067693332,Yash Chauhan,3621,IMPS
ICICI,IC000312,2025-09-21 06:09:00,3002578464085858,Tanvi Agarwal,3083825672620846,Isha Kapoor,6014,IMPS
ICICI,IC000313,2025-09-21 07:05:00,3055196282225018,Sanjay Rao,3025624728639420,Sunita Nair,89405,UPI
ICICI,IC000314,2025-09-21 07:28:00,3049929009662702,Rohit Gupta,3066045095632174,Neha Verma,186094,NEFT
ICICI,IC000315,2025-09-21 07:50:00,3093353892224711,Shreya Bose,3093600608277056,Rina Dutta,22948,RTGS
ICICI,IC000316,2025-09-21 08:05:00,3076264385009537,Aman Sharma,3023461762313361,Ankit Saxena,23848,NEFT
ICICI,IC000317,2025-09-21 09:57:00,3042316544137277,Shreya Bose,3068576063494290,Geeta Reddy,149095,NEFT
ICICI,IC000318,2025-09-21 11:25:00,3018870179993242,Nitin Kumar,3002483744417234,Geeta Reddy,76478,IMPS
ICICI,IC000319,2025-09-21 13:05:00,3094790254853626,Vikas Yadav,3089047238641009,Manisha Iyer,11549,IMPS
ICICI,IC000320,2025-09-21 14:26:00,3074216435990093,Naveen Pillai,3078146047614378,Mohit Khanna,15476,NEFT
